Type,SKU,Name,Published,Is featured?,Visibility in catalog,Short description,Description,In stock?,Stock,Regular price,Sale price,Categories,Images
simple,B2B-1000,Oops! Something went wrong.,1,0,visible,,"We're sorry, but an unexpected error occurred. Please try again later.",1,100,,,Waterpurifiers,
simple,B2B-1001,AIR PURIFIERS,1,0,visible,,We use cookies,1,100,,,Products,"https://www.bluestarindia.com/media/205515/products-banner.jpg, https://www.bluestarindia.com/media/241084/facebook.png, https://www.bluestarindia.com/media/241081/x.png, https://www.bluestarindia.com/media/241082/linkedin.png, https://www.bluestarindia.com/media/241083/instagram.png, https://www.bluestarindia.com/media/241080/youtube.png"
simple,B2B-1002,AIR COOLERS,1,0,visible,,Cooling Simplified.,1,100,,,Products,"https://www.bluestarindia.com/media/254376/air-coolers-banner.jpg, https://www.bluestarindia.com/media/254377/air-coolers-banner-small.jpg, https://www.bluestarindia.com/img/download.png, https://www.bluestarindia.com/media/254548/air-2.jpg, https://www.bluestarindia.com/media/254531/da60eea_touch-front_s.jpg, https://www.bluestarindia.com/media/254532/da55pma_ar55dah-front_s.jpg, https://www.bluestarindia.com/media/254533/oa60lma-front_s.jpg, https://www.bluestarindia.com/media/241084/facebook.png, https://www.bluestarindia.com/media/241081/x.png, https://www.bluestarindia.com/media/241082/linkedin.png, https://www.bluestarindia.com/media/241083/instagram.png, https://www.bluestarindia.com/media/241080/youtube.png"
simple,B2B-1003,WATER COOLERS,1,0,visible,,,1,100,,,Products,"https://www.bluestarindia.com/media/404633/water-coolers-banner.jpg, https://www.bluestarindia.com/media/404634/water-coolers-banner-small.jpg, https://www.bluestarindia.com/media/404635/storage-water-cooler-26x220.png, https://www.bluestarindia.com/media/404622/bwd-26-3-21.jpeg, https://www.bluestarindia.com/media/241084/facebook.png, https://www.bluestarindia.com/media/241081/x.png, https://www.bluestarindia.com/media/241082/linkedin.png, https://www.bluestarindia.com/media/241083/instagram.png, https://www.bluestarindia.com/media/241080/youtube.png"
simple,B2B-1004,CENTRAL AIR CONDITIONING,1,0,visible,,,1,100,,,Products,"https://www.bluestarindia.com/media/56030/products-banner.jpg, https://www.bluestarindia.com/media/71005/vrf-iv-plus-100-inverter.jpg, https://www.bluestarindia.com/media/6087/acs-thumb-1.jpg, https://www.bluestarindia.com/media/203225/air-cooled-screw-chillers-1.png, https://www.bluestarindia.com/media/71015/central-unit.jpg, https://www.bluestarindia.com/media/241084/facebook.png, https://www.bluestarindia.com/media/241081/x.png, https://www.bluestarindia.com/media/241082/linkedin.png, https://www.bluestarindia.com/media/241083/instagram.png, https://www.bluestarindia.com/media/241080/youtube.png"
simple,B2B-1005,COMMERCIAL REFRIGERATION,1,0,visible,,,1,100,,,Products,"https://www.bluestarindia.com/media/55976/coldstorage-commercial-banner.jpg, https://www.bluestarindia.com/media/324826/hard-top-freezer-3.jpg, https://www.bluestarindia.com/media/324827/cooler.jpg, https://www.bluestarindia.com/media/210167/blue-star-qr-cn-3100-hd-pictures-copy.jpg, https://www.bluestarindia.com/media/324829/medical-freezer.jpeg, https://www.bluestarindia.com/media/324771/vaccine-storage-tile.jpg, https://www.bluestarindia.com/media/324830/ice-26-3-21.jpeg, https://www.bluestarindia.com/media/342759/multi-deck-plug-in.jpg, https://www.bluestarindia.com/media/241084/facebook.png, https://www.bluestarindia.com/media/241081/x.png, https://www.bluestarindia.com/media/241082/linkedin.png, https://www.bluestarindia.com/media/241083/instagram.png, https://www.bluestarindia.com/media/241080/youtube.png"
simple,B2B-1006,COLD STORAGES,1,0,visible,,Registered Office:,1,100,,,Products,"https://www.bluestarindia.com/media/55992/coldstorage-commercial-banner.jpg, https://www.bluestarindia.com/media/56426/modular-coldroom.jpg, https://www.bluestarindia.com/media/56427/banana-ripening-11-6-14.jpg, https://www.bluestarindia.com/media/56428/hermetic.jpg, https://www.bluestarindia.com/media/71010/puf-panels-thumb.jpg, https://www.bluestarindia.com/media/241084/facebook.png, https://www.bluestarindia.com/media/241081/x.png, https://www.bluestarindia.com/media/241082/linkedin.png, https://www.bluestarindia.com/media/241083/instagram.png, https://www.bluestarindia.com/media/241080/youtube.png"
simple,B2B-1007,SPECIALITY PRODUCTS,1,0,visible,,We use cookies,1,100,,,Products,"https://www.bluestarindia.com/media/56196/products-banner.jpg, https://www.bluestarindia.com/media/78785/mortuary-cabinet-02.jpg, https://www.bluestarindia.com/media/241084/facebook.png, https://www.bluestarindia.com/media/241081/x.png, https://www.bluestarindia.com/media/241082/linkedin.png, https://www.bluestarindia.com/media/241083/instagram.png, https://www.bluestarindia.com/media/241080/youtube.png"
simple,B2B-1008,BUSINESS OVERVIEW,1,0,visible,,We use cookies,1,100,,,Mep And More,"https://www.bluestarindia.com/media/56068/projects-banner.jpg, https://www.bluestarindia.com/media/241084/facebook.png, https://www.bluestarindia.com/media/241081/x.png, https://www.bluestarindia.com/media/241082/linkedin.png, https://www.bluestarindia.com/media/241083/instagram.png, https://www.bluestarindia.com/media/241080/youtube.png"
simple,B2B-1009,OVERVIEW,1,0,visible,,,1,100,,,Buildings,"https://www.bluestarindia.com/media/70944/buildings-banner.jpg, https://www.bluestarindia.com/media/70945/buildings-banner-small.jpg, https://www.bluestarindia.com/media/241084/facebook.png, https://www.bluestarindia.com/media/241081/x.png, https://www.bluestarindia.com/media/241082/linkedin.png, https://www.bluestarindia.com/media/241083/instagram.png, https://www.bluestarindia.com/media/241080/youtube.png"
simple,B2B-1010,OVERVIEW,1,0,visible,,,1,100,,,Industrial,"https://www.bluestarindia.com/media/70955/industry-banner.jpg, https://www.bluestarindia.com/media/70956/industry-banner-small.jpg, https://www.bluestarindia.com/media/241084/facebook.png, https://www.bluestarindia.com/media/241081/x.png, https://www.bluestarindia.com/media/241082/linkedin.png, https://www.bluestarindia.com/media/241083/instagram.png, https://www.bluestarindia.com/media/241080/youtube.png"
simple,B2B-1011,INFRASTRUCTURE OVERVIEW,1,0,visible,,,1,100,,,Infrastructure,"https://www.bluestarindia.com/media/56226/projects-banner.jpg, https://www.bluestarindia.com/media/241084/facebook.png, https://www.bluestarindia.com/media/241081/x.png, https://www.bluestarindia.com/media/241082/linkedin.png, https://www.bluestarindia.com/media/241083/instagram.png, https://www.bluestarindia.com/media/241080/youtube.png"
simple,B2B-1012,VRF SYSTEMS,1,0,visible,,"A VRF (Variable Refrigerant Flow) air conditioning system is an advanced central air conditioning solution in which one outdoor unit connects to multiple indoor units through refrigerant piping. The system intelligently controls refrigerant flow based on cooling demand, ensuring precise temperature control across different zones.",1,100,,,Central Air Conditioning,"https://www.bluestarindia.com/media/56031/products-banner.jpg, https://www.bluestarindia.com/media/404832/vrf-v-plus-2.jpg, https://www.bluestarindia.com/media/335160/ivrfb-08-10-12-sc-sh-2.jpg, https://www.bluestarindia.com/media/394604/6_creative_vrf-one-liner-1.png, https://www.bluestarindia.com/media/241084/facebook.png, https://www.bluestarindia.com/media/241081/x.png, https://www.bluestarindia.com/media/241082/linkedin.png, https://www.bluestarindia.com/media/241083/instagram.png, https://www.bluestarindia.com/media/241080/youtube.png"
simple,B2B-1013,ROOM AIR CONDITIONERS,1,0,visible,,The most technologically advanced and energy efficient air conditioning solutions for small spaces.,1,100,,,Www.Bluestarindia.Com,"https://www.bluestarindia.com/media/343550/7_8_water-cooler-office-v2_1920-x-648-4.png, https://www.bluestarindia.com/media/343551/7_8_water-cooler-office-v2_640-x-612-1.png, https://www.bluestarindia.com/media/404608/bluestar_summer_capaign_1920x648.jpg, https://www.bluestarindia.com/media/404609/bluestar_summer_capaign_640x612.jpg, https://www.bluestarindia.com/media/404610/1920-x-648.jpg, https://www.bluestarindia.com/media/404611/640-x-612-revised.jpg, https://www.bluestarindia.com/media/294798/close.png, https://www.bluestarindia.com/img/Home-Products/Room-AC.jpg, https://www.bluestarindia.com/img/Home-Products/Water-Purifier.jpg, https://www.bluestarindia.com/img/Home-Products/Air-Purifier.jpg, https://www.bluestarindia.com/img/Home-Products/Air-Cooler.jpg, https://www.bluestarindia.com/media/70938/empg-tile.jpg, https://www.bluestarindia.com/img/product-thumb-2.jpg, https://www.bluestarindia.com/img/product-thumb-4.jpg, https://www.bluestarindia.com/media/51023/water-coolers.png, https://www.bluestarindia.com/img/project-thumb-4.jpg, https://www.bluestarindia.com/img/project-thumb-5.jpg, https://www.bluestarindia.com/img/project-thumb-6.jpg, https://www.bluestarindia.com/img/project-thumb-7.jpg, https://www.bluestarindia.com/img/project-thumb-8.jpg, https://www.bluestarindia.com/img/project-thumb-9.jpg, https://www.bluestarindia.com/img/project-thumb-10.jpg, https://www.bluestarindia.com/img/project-thumb-11.jpg, https://www.bluestarindia.com/media/241084/facebook.png, https://www.bluestarindia.com/media/241081/x.png, https://www.bluestarindia.com/media/241082/linkedin.png, https://www.bluestarindia.com/media/241083/instagram.png, https://www.bluestarindia.com/media/241080/youtube.png"
simple,B2B-1014,ROOM AIR CONDITIONERS,1,0,visible,,The most technologically advanced and energy efficient air conditioning solutions for small spaces.,1,100,,,Www.Bluestarindia.Com,"https://www.bluestarindia.com/media/343550/7_8_water-cooler-office-v2_1920-x-648-4.png, https://www.bluestarindia.com/media/343551/7_8_water-cooler-office-v2_640-x-612-1.png, https://www.bluestarindia.com/media/404608/bluestar_summer_capaign_1920x648.jpg, https://www.bluestarindia.com/media/404609/bluestar_summer_capaign_640x612.jpg, https://www.bluestarindia.com/media/404610/1920-x-648.jpg, https://www.bluestarindia.com/media/404611/640-x-612-revised.jpg, https://www.bluestarindia.com/media/294798/close.png, https://www.bluestarindia.com/img/Home-Products/Room-AC.jpg, https://www.bluestarindia.com/img/Home-Products/Water-Purifier.jpg, https://www.bluestarindia.com/img/Home-Products/Air-Purifier.jpg, https://www.bluestarindia.com/img/Home-Products/Air-Cooler.jpg, https://www.bluestarindia.com/media/70938/empg-tile.jpg, https://www.bluestarindia.com/img/product-thumb-2.jpg, https://www.bluestarindia.com/img/product-thumb-4.jpg, https://www.bluestarindia.com/media/51023/water-coolers.png, https://www.bluestarindia.com/img/project-thumb-4.jpg, https://www.bluestarindia.com/img/project-thumb-5.jpg, https://www.bluestarindia.com/img/project-thumb-6.jpg, https://www.bluestarindia.com/img/project-thumb-7.jpg, https://www.bluestarindia.com/img/project-thumb-8.jpg, https://www.bluestarindia.com/img/project-thumb-9.jpg, https://www.bluestarindia.com/img/project-thumb-10.jpg, https://www.bluestarindia.com/img/project-thumb-11.jpg, https://www.bluestarindia.com/media/241084/facebook.png, https://www.bluestarindia.com/media/241081/x.png, https://www.bluestarindia.com/media/241082/linkedin.png, https://www.bluestarindia.com/media/241083/instagram.png, https://www.bluestarindia.com/media/241080/youtube.png"
simple,B2B-1015,ROOM AIR CONDITIONERS,1,0,visible,,The most technologically advanced and energy efficient air conditioning solutions for small spaces.,1,100,,,Www.Bluestarindia.Com,"https://www.bluestarindia.com/media/343550/7_8_water-cooler-office-v2_1920-x-648-4.png, https://www.bluestarindia.com/media/343551/7_8_water-cooler-office-v2_640-x-612-1.png, https://www.bluestarindia.com/media/404608/bluestar_summer_capaign_1920x648.jpg, https://www.bluestarindia.com/media/404609/bluestar_summer_capaign_640x612.jpg, https://www.bluestarindia.com/media/404610/1920-x-648.jpg, https://www.bluestarindia.com/media/404611/640-x-612-revised.jpg, https://www.bluestarindia.com/media/294798/close.png, https://www.bluestarindia.com/img/Home-Products/Room-AC.jpg, https://www.bluestarindia.com/img/Home-Products/Water-Purifier.jpg, https://www.bluestarindia.com/img/Home-Products/Air-Purifier.jpg, https://www.bluestarindia.com/img/Home-Products/Air-Cooler.jpg, https://www.bluestarindia.com/media/70938/empg-tile.jpg, https://www.bluestarindia.com/img/product-thumb-2.jpg, https://www.bluestarindia.com/img/product-thumb-4.jpg, https://www.bluestarindia.com/media/51023/water-coolers.png, https://www.bluestarindia.com/img/project-thumb-4.jpg, https://www.bluestarindia.com/img/project-thumb-5.jpg, https://www.bluestarindia.com/img/project-thumb-6.jpg, https://www.bluestarindia.com/img/project-thumb-7.jpg, https://www.bluestarindia.com/img/project-thumb-8.jpg, https://www.bluestarindia.com/img/project-thumb-9.jpg, https://www.bluestarindia.com/img/project-thumb-10.jpg, https://www.bluestarindia.com/img/project-thumb-11.jpg, https://www.bluestarindia.com/media/241084/facebook.png, https://www.bluestarindia.com/media/241081/x.png, https://www.bluestarindia.com/media/241082/linkedin.png, https://www.bluestarindia.com/media/241083/instagram.png, https://www.bluestarindia.com/media/241080/youtube.png"
simple,B2B-1016,Oops! Something went wrong.,1,0,visible,,"We're sorry, but an unexpected error occurred. Please try again later.",1,100,,,Waterpurifiers,
simple,B2B-1017,Oops! Something went wrong.,1,0,visible,,"We're sorry, but an unexpected error occurred. Please try again later.",1,100,,,Waterpurifiers,
simple,B2B-1018,WATER PURIFIERS,1,0,visible,,,1,100,,,Products,"https://www.bluestarindia.com/img/about-usBG.jpg, https://www.bluestarindia.com/media/241084/facebook.png, https://www.bluestarindia.com/media/241081/x.png, https://www.bluestarindia.com/media/241082/linkedin.png, https://www.bluestarindia.com/media/241083/instagram.png, https://www.bluestarindia.com/media/241080/youtube.png"
simple,B2B-1019,Oops! Something went wrong.,1,0,visible,,"We're sorry, but an unexpected error occurred. Please try again later.",1,100,,,Waterpurifiers,
simple,B2B-1020,Oops! Something went wrong.,1,0,visible,,"We're sorry, but an unexpected error occurred. Please try again later.",1,100,,,Waterpurifiers,
simple,B2B-1021,"Air
Purifiers",1,0,visible,,This site uses cookies. By clicking Accept or continuing to browse the site you are agreeing to our use of cookies. Learn more in our Privacy Policy.,1,100,,,Collections,"https://consumer.bluestarindia.com/cdn/shop/files/AC_1_432x432_923407fa-f2a0-4c07-a662-6e1e39c399cd.jpg, https://consumer.bluestarindia.com/cdn/shop/files/AC_2_432x432_52bd1a8f-d78f-4451-8518-5ccac25ef9f8.jpg, https://consumer.bluestarindia.com/cdn/shop/files/PA35MMA_432x432_5f5a6b52-1405-4b9f-9bea-a85360253b96.jpg, https://consumer.bluestarindia.com/cdn/shop/files/CA120PMH_432x432_3e07d0fb-580a-4460-9d5b-980f7da40b18.jpg, https://consumer.bluestarindia.com/cdn/shop/files/Refrigeration_Banners_900x437-231024_5bf719d4-7c1d-40a9-8d25-30c7f820f8ef.png, https://consumer.bluestarindia.com/cdn/shop/files/Untitled_design_-_2024-08-05T124909.801_1.png, https://consumer.bluestarindia.com/cdn/shop/files/Air-Purifier-LP-1800x473_1.jpg, https://consumer.bluestarindia.com/cdn/shop/files/bs-ap490lan_bs-ap490lan-1.png, https://consumer.bluestarindia.com/cdn/shop/files/bs-ap490lan_bs-ap490lan-ls.png, https://consumer.bluestarindia.com/cdn/shop/files/bs-ap490lan_bs-ap490lan-t1.png, https://consumer.bluestarindia.com/cdn/shop/files/bs-ap490lan_bs-ap490lan-rs.png, https://consumer.bluestarindia.com/cdn/shop/files/AP300DAI.png, https://consumer.bluestarindia.com/cdn/shop/files/bs-ap300dai_bs-ap300dai-ls.png, https://consumer.bluestarindia.com/cdn/shop/files/bs-ap300dai_bs-ap300dai-rs.png, https://consumer.bluestarindia.com/cdn/shop/files/bs-ap300dai_bs-ap300dai-t.png, https://consumer.bluestarindia.com/cdn/shop/files/AP420OAN.png, https://consumer.bluestarindia.com/cdn/shop/files/ap420oan_artboard_1_copy_4.png, https://consumer.bluestarindia.com/cdn/shop/files/ap420oan_artboard_1_copy_5.png, https://consumer.bluestarindia.com/cdn/shop/files/ap420oan_artboard_1_copy_3-2.png, https://consumer.bluestarindia.com/cdn/shop/files/ap700dai_hi-resolution-image-3.png, https://consumer.bluestarindia.com/cdn/shop/files/ap700dai_ap700dai-gallery-images-02.jpg, https://consumer.bluestarindia.com/cdn/shop/files/ap700dai_ap700dai-gallery-images-03.jpg"
simple,B2B-1022,AIR PURIFIERS,1,0,visible,,Goodbye to pollution. Hello to pure air.,1,100,,,Products,"https://www.bluestarindia.com/media/205515/products-banner.jpg, https://www.bluestarindia.com/media/241084/facebook.png, https://www.bluestarindia.com/media/241081/x.png, https://www.bluestarindia.com/media/241082/linkedin.png, https://www.bluestarindia.com/media/241083/instagram.png, https://www.bluestarindia.com/media/241080/youtube.png"
simple,B2B-1023,AIR PURIFIERS,1,0,visible,,Goodbye to pollution. Hello to pure air.,1,100,,,Products,"https://www.bluestarindia.com/media/205515/products-banner.jpg, https://www.bluestarindia.com/media/241084/facebook.png, https://www.bluestarindia.com/media/241081/x.png, https://www.bluestarindia.com/media/241082/linkedin.png, https://www.bluestarindia.com/media/241083/instagram.png, https://www.bluestarindia.com/media/241080/youtube.png"
simple,B2B-1024,"Air
Purifiers",1,0,visible,,This site uses cookies. By clicking Accept or continuing to browse the site you are agreeing to our use of cookies. Learn more in our Privacy Policy.,1,100,,,Collections,"https://consumer.bluestarindia.com/cdn/shop/files/AC_1_432x432_923407fa-f2a0-4c07-a662-6e1e39c399cd.jpg, https://consumer.bluestarindia.com/cdn/shop/files/AC_2_432x432_52bd1a8f-d78f-4451-8518-5ccac25ef9f8.jpg, https://consumer.bluestarindia.com/cdn/shop/files/PA35MMA_432x432_5f5a6b52-1405-4b9f-9bea-a85360253b96.jpg, https://consumer.bluestarindia.com/cdn/shop/files/CA120PMH_432x432_3e07d0fb-580a-4460-9d5b-980f7da40b18.jpg, https://consumer.bluestarindia.com/cdn/shop/files/Refrigeration_Banners_900x437-231024_5bf719d4-7c1d-40a9-8d25-30c7f820f8ef.png, https://consumer.bluestarindia.com/cdn/shop/files/Untitled_design_-_2024-08-05T124909.801_1.png, https://consumer.bluestarindia.com/cdn/shop/files/Air-Purifier-LP-1800x473_1.jpg, https://consumer.bluestarindia.com/cdn/shop/files/bs-ap490lan_bs-ap490lan-1.png, https://consumer.bluestarindia.com/cdn/shop/files/bs-ap490lan_bs-ap490lan-ls.png, https://consumer.bluestarindia.com/cdn/shop/files/bs-ap490lan_bs-ap490lan-t1.png, https://consumer.bluestarindia.com/cdn/shop/files/bs-ap490lan_bs-ap490lan-rs.png, https://consumer.bluestarindia.com/cdn/shop/files/AP300DAI.png, https://consumer.bluestarindia.com/cdn/shop/files/bs-ap300dai_bs-ap300dai-ls.png, https://consumer.bluestarindia.com/cdn/shop/files/bs-ap300dai_bs-ap300dai-rs.png, https://consumer.bluestarindia.com/cdn/shop/files/bs-ap300dai_bs-ap300dai-t.png, https://consumer.bluestarindia.com/cdn/shop/files/AP420OAN.png, https://consumer.bluestarindia.com/cdn/shop/files/ap420oan_artboard_1_copy_4.png, https://consumer.bluestarindia.com/cdn/shop/files/ap420oan_artboard_1_copy_5.png, https://consumer.bluestarindia.com/cdn/shop/files/ap420oan_artboard_1_copy_3-2.png, https://consumer.bluestarindia.com/cdn/shop/files/ap700dai_hi-resolution-image-3.png, https://consumer.bluestarindia.com/cdn/shop/files/ap700dai_ap700dai-gallery-images-02.jpg, https://consumer.bluestarindia.com/cdn/shop/files/ap700dai_ap700dai-gallery-images-03.jpg"
simple,B2B-1025,AIR COOLERS,1,0,visible,,Cooling Simplified.,1,100,,,Products,"https://www.bluestarindia.com/media/254376/air-coolers-banner.jpg, https://www.bluestarindia.com/media/254377/air-coolers-banner-small.jpg, https://www.bluestarindia.com/img/download.png, https://www.bluestarindia.com/media/254548/air-2.jpg, https://www.bluestarindia.com/media/254531/da60eea_touch-front_s.jpg, https://www.bluestarindia.com/media/254532/da55pma_ar55dah-front_s.jpg, https://www.bluestarindia.com/media/254533/oa60lma-front_s.jpg, https://www.bluestarindia.com/media/241084/facebook.png, https://www.bluestarindia.com/media/241081/x.png, https://www.bluestarindia.com/media/241082/linkedin.png, https://www.bluestarindia.com/media/241083/instagram.png, https://www.bluestarindia.com/media/241080/youtube.png"
simple,B2B-1026,DESERT AIR COOLERS,1,0,visible,,Registered Office:,1,100,,,Air Coolers,"https://www.bluestarindia.com/img/about-usBG.jpg, https://www.bluestarindia.com/media/254536/da35lma.jpg, https://www.bluestarindia.com/media/254537/da60lma.jpg, https://www.bluestarindia.com/media/254538/da60eea_touch-front_s.jpg, https://www.bluestarindia.com/media/254539/ar60dat_da60ema_manual-front_s.jpg, https://www.bluestarindia.com/media/241084/facebook.png, https://www.bluestarindia.com/media/241081/x.png, https://www.bluestarindia.com/media/241082/linkedin.png, https://www.bluestarindia.com/media/241083/instagram.png, https://www.bluestarindia.com/media/241080/youtube.png"
simple,B2B-1027,AIR COOLERS,1,0,visible,,Cooling Simplified.,1,100,,,Products,"https://www.bluestarindia.com/media/254376/air-coolers-banner.jpg, https://www.bluestarindia.com/media/254377/air-coolers-banner-small.jpg, https://www.bluestarindia.com/img/download.png, https://www.bluestarindia.com/media/254548/air-2.jpg, https://www.bluestarindia.com/media/254531/da60eea_touch-front_s.jpg, https://www.bluestarindia.com/media/254532/da55pma_ar55dah-front_s.jpg, https://www.bluestarindia.com/media/254533/oa60lma-front_s.jpg, https://www.bluestarindia.com/media/241084/facebook.png, https://www.bluestarindia.com/media/241081/x.png, https://www.bluestarindia.com/media/241082/linkedin.png, https://www.bluestarindia.com/media/241083/instagram.png, https://www.bluestarindia.com/media/241080/youtube.png"
simple,B2B-1028,DESERT AIR COOLERS,1,0,visible,,Registered Office:,1,100,,,Air Coolers,"https://www.bluestarindia.com/img/about-usBG.jpg, https://www.bluestarindia.com/media/254536/da35lma.jpg, https://www.bluestarindia.com/media/254537/da60lma.jpg, https://www.bluestarindia.com/media/254538/da60eea_touch-front_s.jpg, https://www.bluestarindia.com/media/254539/ar60dat_da60ema_manual-front_s.jpg, https://www.bluestarindia.com/media/241084/facebook.png, https://www.bluestarindia.com/media/241081/x.png, https://www.bluestarindia.com/media/241082/linkedin.png, https://www.bluestarindia.com/media/241083/instagram.png, https://www.bluestarindia.com/media/241080/youtube.png"
simple,B2B-1029,DESERT AIR COOLERS,1,0,visible,,Registered Office:,1,100,,,Air Coolers,"https://www.bluestarindia.com/img/about-usBG.jpg, https://www.bluestarindia.com/media/254536/da35lma.jpg, https://www.bluestarindia.com/media/254537/da60lma.jpg, https://www.bluestarindia.com/media/254538/da60eea_touch-front_s.jpg, https://www.bluestarindia.com/media/254539/ar60dat_da60ema_manual-front_s.jpg, https://www.bluestarindia.com/media/241084/facebook.png, https://www.bluestarindia.com/media/241081/x.png, https://www.bluestarindia.com/media/241082/linkedin.png, https://www.bluestarindia.com/media/241083/instagram.png, https://www.bluestarindia.com/media/241080/youtube.png"
simple,B2B-1030,DESERT AIR COOLERS,1,0,visible,,Registered Office:,1,100,,,Air Coolers,"https://www.bluestarindia.com/img/about-usBG.jpg, https://www.bluestarindia.com/media/254536/da35lma.jpg, https://www.bluestarindia.com/media/254537/da60lma.jpg, https://www.bluestarindia.com/media/254538/da60eea_touch-front_s.jpg, https://www.bluestarindia.com/media/254539/ar60dat_da60ema_manual-front_s.jpg, https://www.bluestarindia.com/media/241084/facebook.png, https://www.bluestarindia.com/media/241081/x.png, https://www.bluestarindia.com/media/241082/linkedin.png, https://www.bluestarindia.com/media/241083/instagram.png, https://www.bluestarindia.com/media/241080/youtube.png"
simple,B2B-1031,ROOM AIR CONDITIONERS,1,0,visible,,The most technologically advanced and energy efficient air conditioning solutions for small spaces.,1,100,,,Www.Bluestarindia.Com,"https://www.bluestarindia.com/media/343550/7_8_water-cooler-office-v2_1920-x-648-4.png, https://www.bluestarindia.com/media/343551/7_8_water-cooler-office-v2_640-x-612-1.png, https://www.bluestarindia.com/media/404608/bluestar_summer_capaign_1920x648.jpg, https://www.bluestarindia.com/media/404609/bluestar_summer_capaign_640x612.jpg, https://www.bluestarindia.com/media/404610/1920-x-648.jpg, https://www.bluestarindia.com/media/404611/640-x-612-revised.jpg, https://www.bluestarindia.com/media/294798/close.png, https://www.bluestarindia.com/img/Home-Products/Room-AC.jpg, https://www.bluestarindia.com/img/Home-Products/Water-Purifier.jpg, https://www.bluestarindia.com/img/Home-Products/Air-Purifier.jpg, https://www.bluestarindia.com/img/Home-Products/Air-Cooler.jpg, https://www.bluestarindia.com/media/70938/empg-tile.jpg, https://www.bluestarindia.com/img/product-thumb-2.jpg, https://www.bluestarindia.com/img/product-thumb-4.jpg, https://www.bluestarindia.com/media/51023/water-coolers.png, https://www.bluestarindia.com/img/project-thumb-4.jpg, https://www.bluestarindia.com/img/project-thumb-5.jpg, https://www.bluestarindia.com/img/project-thumb-6.jpg, https://www.bluestarindia.com/img/project-thumb-7.jpg, https://www.bluestarindia.com/img/project-thumb-8.jpg, https://www.bluestarindia.com/img/project-thumb-9.jpg, https://www.bluestarindia.com/img/project-thumb-10.jpg, https://www.bluestarindia.com/img/project-thumb-11.jpg, https://www.bluestarindia.com/media/241084/facebook.png, https://www.bluestarindia.com/media/241081/x.png, https://www.bluestarindia.com/media/241082/linkedin.png, https://www.bluestarindia.com/media/241083/instagram.png, https://www.bluestarindia.com/media/241080/youtube.png"
simple,B2B-1032,WATER COOLERS,1,0,visible,,,1,100,,,Products,"https://www.bluestarindia.com/media/404633/water-coolers-banner.jpg, https://www.bluestarindia.com/media/404634/water-coolers-banner-small.jpg, https://www.bluestarindia.com/media/404635/storage-water-cooler-26x220.png, https://www.bluestarindia.com/media/404622/bwd-26-3-21.jpeg, https://www.bluestarindia.com/media/241084/facebook.png, https://www.bluestarindia.com/media/241081/x.png, https://www.bluestarindia.com/media/241082/linkedin.png, https://www.bluestarindia.com/media/241083/instagram.png, https://www.bluestarindia.com/media/241080/youtube.png"
simple,B2B-1033,CENTRAL AIR CONDITIONING,1,0,visible,,,1,100,,,Products,"https://www.bluestarindia.com/media/56030/products-banner.jpg, https://www.bluestarindia.com/media/71005/vrf-iv-plus-100-inverter.jpg, https://www.bluestarindia.com/media/6087/acs-thumb-1.jpg, https://www.bluestarindia.com/media/203225/air-cooled-screw-chillers-1.png, https://www.bluestarindia.com/media/71015/central-unit.jpg, https://www.bluestarindia.com/media/241084/facebook.png, https://www.bluestarindia.com/media/241081/x.png, https://www.bluestarindia.com/media/241082/linkedin.png, https://www.bluestarindia.com/media/241083/instagram.png, https://www.bluestarindia.com/media/241080/youtube.png"
simple,B2B-1034,VRF V S - SIDE DISCHARGE VRF SYSTEM,1,0,visible,,THE NEW BENCHMARK FOR AESTHETICS AND SAVINGS,1,100,,,Vrf Systems,"https://www.bluestarindia.com/img/about-usBG.jpg, https://www.bluestarindia.com/media/335160/ivrfb-08-10-12-sc-sh-2.jpg, https://www.bluestarindia.com/img/download.png, https://www.bluestarindia.com/Handlers/Captcha.ashx, https://www.bluestarindia.com/media/241084/facebook.png, https://www.bluestarindia.com/media/241081/x.png, https://www.bluestarindia.com/media/241082/linkedin.png, https://www.bluestarindia.com/media/241083/instagram.png, https://www.bluestarindia.com/media/241080/youtube.png"
simple,B2B-1035,CENTRAL AIR CONDITIONING,1,0,visible,,,1,100,,,Products,"https://www.bluestarindia.com/media/56030/products-banner.jpg, https://www.bluestarindia.com/media/71005/vrf-iv-plus-100-inverter.jpg, https://www.bluestarindia.com/media/6087/acs-thumb-1.jpg, https://www.bluestarindia.com/media/203225/air-cooled-screw-chillers-1.png, https://www.bluestarindia.com/media/71015/central-unit.jpg, https://www.bluestarindia.com/media/241084/facebook.png, https://www.bluestarindia.com/media/241081/x.png, https://www.bluestarindia.com/media/241082/linkedin.png, https://www.bluestarindia.com/media/241083/instagram.png, https://www.bluestarindia.com/media/241080/youtube.png"
simple,B2B-1036,DUCTED SYSTEMS,1,0,visible,,Registered Office:,1,100,,,Central Air Conditioning,"https://www.bluestarindia.com/media/56039/products-banner.jpg, https://www.bluestarindia.com/media/324798/inverter-packaged-ducted-01.jpg, https://www.bluestarindia.com/media/343275/dsai-1321r3a-o-front-326x220.png, https://www.bluestarindia.com/media/78808/acs-thumb-1.jpg, https://www.bluestarindia.com/media/166901/water-colled.jpg, https://www.bluestarindia.com/media/71012/hiper-packaged-acs.jpg, https://www.bluestarindia.com/media/166904/consolited-split.jpg, https://www.bluestarindia.com/media/241084/facebook.png, https://www.bluestarindia.com/media/241081/x.png, https://www.bluestarindia.com/media/241082/linkedin.png, https://www.bluestarindia.com/media/241083/instagram.png, https://www.bluestarindia.com/media/241080/youtube.png"
simple,B2B-1037,PACKAGED DUCTED SPLIT AIR CONDITIONERS,1,0,visible,,NOTHING COMES CLOSE TO ITS COOLING. OR ITS WIDE RANGE.,1,100,,,Ducted Systems,"https://www.bluestarindia.com/media/56041/products-banner.jpg, https://www.bluestarindia.com/media/78808/acs-thumb-1.jpg, https://www.bluestarindia.com/img/download.png, https://www.bluestarindia.com/Handlers/Captcha.ashx, https://www.bluestarindia.com/media/241084/facebook.png, https://www.bluestarindia.com/media/241081/x.png, https://www.bluestarindia.com/media/241082/linkedin.png, https://www.bluestarindia.com/media/241083/instagram.png, https://www.bluestarindia.com/media/241080/youtube.png"
simple,B2B-1038,DUCTED SYSTEMS,1,0,visible,,Registered Office:,1,100,,,Central Air Conditioning,"https://www.bluestarindia.com/media/56039/products-banner.jpg, https://www.bluestarindia.com/media/324798/inverter-packaged-ducted-01.jpg, https://www.bluestarindia.com/media/343275/dsai-1321r3a-o-front-326x220.png, https://www.bluestarindia.com/media/78808/acs-thumb-1.jpg, https://www.bluestarindia.com/media/166901/water-colled.jpg, https://www.bluestarindia.com/media/71012/hiper-packaged-acs.jpg, https://www.bluestarindia.com/media/166904/consolited-split.jpg, https://www.bluestarindia.com/media/241084/facebook.png, https://www.bluestarindia.com/media/241081/x.png, https://www.bluestarindia.com/media/241082/linkedin.png, https://www.bluestarindia.com/media/241083/instagram.png, https://www.bluestarindia.com/media/241080/youtube.png"
simple,B2B-1039,CHILLERS,1,0,visible,,,1,100,,,Central Air Conditioning,"https://www.bluestarindia.com/media/56046/products-banner.jpg, https://www.bluestarindia.com/media/78806/processchillers.jpg, https://www.bluestarindia.com/media/78812/watercooled-scroll-chiller.jpg, https://www.bluestarindia.com/media/203224/air-cooled-screw-chillers.png, https://www.bluestarindia.com/media/394594/centrifugal_chiller_iso_1_op_2.png, https://www.bluestarindia.com/media/394595/brine-chiller_1.png, https://www.bluestarindia.com/media/394598/datacentre_chiller_0001.png, https://www.bluestarindia.com/media/241084/facebook.png, https://www.bluestarindia.com/media/241081/x.png, https://www.bluestarindia.com/media/241082/linkedin.png, https://www.bluestarindia.com/media/241083/instagram.png, https://www.bluestarindia.com/media/241080/youtube.png"
simple,B2B-1040,PROCESS CHILLERS,1,0,visible,,"Blue Star offers Process Chillers for medical, pharmaceutical industries and varied industrial applications like plastic mould cooling, printing and lamination processes. These chillers incorporate microprocessor based controls which offer intelligent cooling and are energy efficient apart from being extremely compact with a small footprint.",1,100,,,Chillers,"https://www.bluestarindia.com/media/56060/products-banner.jpg, https://www.bluestarindia.com/media/78806/processchillers.jpg, https://www.bluestarindia.com/img/download.png, https://www.bluestarindia.com/Handlers/Captcha.ashx, https://www.bluestarindia.com/media/241084/facebook.png, https://www.bluestarindia.com/media/241081/x.png, https://www.bluestarindia.com/media/241082/linkedin.png, https://www.bluestarindia.com/media/241083/instagram.png, https://www.bluestarindia.com/media/241080/youtube.png"
simple,B2B-1041,SCROLL CHILLERS,1,0,visible,,Registered Office:,1,100,,,Chillers,"https://www.bluestarindia.com/media/56054/products-banner.jpg, https://www.bluestarindia.com/media/71013/air-water-cooled-r22-r407c.jpg, https://www.bluestarindia.com/media/253295/inverter-scroll-chiller-02.png, https://www.bluestarindia.com/media/394600/air-cooled-star-rated-screw-chiller.png, https://www.bluestarindia.com/media/241084/facebook.png, https://www.bluestarindia.com/media/241081/x.png, https://www.bluestarindia.com/media/241082/linkedin.png, https://www.bluestarindia.com/media/241083/instagram.png, https://www.bluestarindia.com/media/241080/youtube.png"
simple,B2B-1042,SCREW CHILLERS,1,0,visible,,Registered Office:,1,100,,,Chillers,"https://www.bluestarindia.com/media/56047/products-banner.jpg, https://www.bluestarindia.com/media/88748/water-cooled-screw-chiller-with-vfd.png, https://www.bluestarindia.com/media/88574/water-cooled-screw-chillers-configured-series.jpg, https://www.bluestarindia.com/media/137062/untitled-1.png, https://www.bluestarindia.com/media/253294/air-cooled-chiller-with-vfd.png, https://www.bluestarindia.com/media/241084/facebook.png, https://www.bluestarindia.com/media/241081/x.png, https://www.bluestarindia.com/media/241082/linkedin.png, https://www.bluestarindia.com/media/241083/instagram.png, https://www.bluestarindia.com/media/241080/youtube.png"
simple,B2B-1043,CENTRIFUGAL CHILLERS,1,0,visible,,Capacity Range: Upto 1000TR,1,100,,,Chillers,"https://www.bluestarindia.com/img/about-usBG.jpg, https://www.bluestarindia.com/media/394594/centrifugal_chiller_iso_1_op_2.png, https://www.bluestarindia.com/img/download.png, https://www.bluestarindia.com/Handlers/Captcha.ashx, https://www.bluestarindia.com/media/241084/facebook.png, https://www.bluestarindia.com/media/241081/x.png, https://www.bluestarindia.com/media/241082/linkedin.png, https://www.bluestarindia.com/media/241083/instagram.png, https://www.bluestarindia.com/media/241080/youtube.png"
simple,B2B-1044,OTHERS,1,0,visible,,Registered Office:,1,100,,,Central Air Conditioning,"https://www.bluestarindia.com/media/56061/products-banner.jpg, https://www.bluestarindia.com/media/71014/central-unit.jpg, https://www.bluestarindia.com/media/241084/facebook.png, https://www.bluestarindia.com/media/241081/x.png, https://www.bluestarindia.com/media/241082/linkedin.png, https://www.bluestarindia.com/media/241083/instagram.png, https://www.bluestarindia.com/media/241080/youtube.png"
simple,B2B-1045,CONDENSING UNITS,1,0,visible,,SUPERIOR EFFICIENCY. SUPERIOR VALUE.,1,100,,,Others,"https://www.bluestarindia.com/media/56062/products-banner.jpg, https://www.bluestarindia.com/media/71014/central-unit.jpg, https://www.bluestarindia.com/img/download.png, https://www.bluestarindia.com/media/241084/facebook.png, https://www.bluestarindia.com/media/241081/x.png, https://www.bluestarindia.com/media/241082/linkedin.png, https://www.bluestarindia.com/media/241083/instagram.png, https://www.bluestarindia.com/media/241080/youtube.png"
simple,B2B-1046,OTHERS,1,0,visible,,Registered Office:,1,100,,,Central Air Conditioning,"https://www.bluestarindia.com/media/56061/products-banner.jpg, https://www.bluestarindia.com/media/71014/central-unit.jpg, https://www.bluestarindia.com/media/241084/facebook.png, https://www.bluestarindia.com/media/241081/x.png, https://www.bluestarindia.com/media/241082/linkedin.png, https://www.bluestarindia.com/media/241083/instagram.png, https://www.bluestarindia.com/media/241080/youtube.png"
simple,B2B-1047,FREEZERS,1,0,visible,,Registered Office:,1,100,,,Commercial Refrigeration,"https://www.bluestarindia.com/media/55977/coldstorage-commercial-banner.jpg, https://www.bluestarindia.com/media/324831/hard-top-freezer-2.jpg, https://www.bluestarindia.com/media/324832/cooler-cum-freezer-21-5-21-02.png, https://www.bluestarindia.com/media/324833/glass-top-freezer.png, https://www.bluestarindia.com/media/343483/a4_visifreezer-flyer-plate-2.jpg, https://www.bluestarindia.com/media/241084/facebook.png, https://www.bluestarindia.com/media/241081/x.png, https://www.bluestarindia.com/media/241082/linkedin.png, https://www.bluestarindia.com/media/241083/instagram.png, https://www.bluestarindia.com/media/241080/youtube.png"
simple,B2B-1048,COOLER-CUM-FREEZER,1,0,visible,,"Our Cooler-Cum-Freezers are the ultimate solution for storing a diverse range of frozen foods and chilled beverages in a single unit. It seamlessly integrates two functions by providing separate compartments for the freezer and cooling chamber. This not only maximises space but also reduces capital investment and operating costs. A seamless blend of innovation and efficiency, delivering exceptional value.",1,100,,,Freezers,"https://www.bluestarindia.com/media/55980/coldstorage-commercial-banner.jpg, https://www.bluestarindia.com/media/324832/cooler-cum-freezer-21-5-21-02.png, https://www.bluestarindia.com/img/download.png, https://www.bluestarindia.com/media/241084/facebook.png, https://www.bluestarindia.com/media/241081/x.png, https://www.bluestarindia.com/media/241082/linkedin.png, https://www.bluestarindia.com/media/241083/instagram.png, https://www.bluestarindia.com/media/241080/youtube.png"
simple,B2B-1049,GLASS TOP FREEZERS,1,0,visible,,Registered Office:,1,100,,,Freezers,"https://www.bluestarindia.com/img/about-usBG.jpg, https://www.bluestarindia.com/media/88571/glass-top-freezer.png, https://www.bluestarindia.com/media/241084/facebook.png, https://www.bluestarindia.com/media/241081/x.png, https://www.bluestarindia.com/media/241082/linkedin.png, https://www.bluestarindia.com/media/241083/instagram.png, https://www.bluestarindia.com/media/241080/youtube.png"
simple,B2B-1050,COOLERS,1,0,visible,,Registered Office:,1,100,,,Commercial Refrigeration,"https://www.bluestarindia.com/media/55981/coldstorage-commercial-banner.jpg, https://www.bluestarindia.com/media/342767/chest-cooler-with-sticker-326x220-1.png, https://www.bluestarindia.com/media/343604/mr60_black-iso-right-1-326x220.png, https://www.bluestarindia.com/media/404638/getbigthumbnail.jpg, https://www.bluestarindia.com/media/241084/facebook.png, https://www.bluestarindia.com/media/241081/x.png, https://www.bluestarindia.com/media/241082/linkedin.png, https://www.bluestarindia.com/media/241083/instagram.png, https://www.bluestarindia.com/media/241080/youtube.png"
simple,B2B-1051,COOLERS,1,0,visible,,Registered Office:,1,100,,,Commercial Refrigeration,"https://www.bluestarindia.com/media/55981/coldstorage-commercial-banner.jpg, https://www.bluestarindia.com/media/342767/chest-cooler-with-sticker-326x220-1.png, https://www.bluestarindia.com/media/343604/mr60_black-iso-right-1-326x220.png, https://www.bluestarindia.com/media/404638/getbigthumbnail.jpg, https://www.bluestarindia.com/media/241084/facebook.png, https://www.bluestarindia.com/media/241081/x.png, https://www.bluestarindia.com/media/241082/linkedin.png, https://www.bluestarindia.com/media/241083/instagram.png, https://www.bluestarindia.com/media/241080/youtube.png"
simple,B2B-1052,KITCHEN REFRIGERATION PRODUCTS,1,0,visible,,,1,100,,,Commercial Refrigeration,"https://www.bluestarindia.com/img/about-usBG.jpg, https://www.bluestarindia.com/media/404654/reachin-gp-gc-326x220.png, https://www.bluestarindia.com/media/404658/under-counter-gc-series-326x220.png, https://www.bluestarindia.com/media/342751/saladates-326x220.png, https://www.bluestarindia.com/media/342754/blast-freezer-1.jpg, https://www.bluestarindia.com/media/342757/bc350a-iso-view-326x220.png, https://www.bluestarindia.com/media/241084/facebook.png, https://www.bluestarindia.com/media/241081/x.png, https://www.bluestarindia.com/media/241082/linkedin.png, https://www.bluestarindia.com/media/241083/instagram.png, https://www.bluestarindia.com/media/241080/youtube.png"
simple,B2B-1053,REACH-IN CHILLERS AND FREEZERS,1,0,visible,,Registered Office:,1,100,,,Kitchen Refrigeration Products,"https://www.bluestarindia.com/img/about-usBG.jpg, https://www.bluestarindia.com/media/404650/reachin-gp-gc-326x220.png, https://www.bluestarindia.com/media/404652/reachin-s-series-326x220.png, https://www.bluestarindia.com/media/241084/facebook.png, https://www.bluestarindia.com/media/241081/x.png, https://www.bluestarindia.com/media/241082/linkedin.png, https://www.bluestarindia.com/media/241083/instagram.png, https://www.bluestarindia.com/media/241080/youtube.png"
simple,B2B-1054,UNDERCOUNTER CHILLERS AND FREEZERS,1,0,visible,,Registered Office:,1,100,,,Kitchen Refrigeration Products,"https://www.bluestarindia.com/img/about-usBG.jpg, https://www.bluestarindia.com/media/404655/under-counter-gc-series-326x220.png, https://www.bluestarindia.com/media/404656/under-counter-s-series-326x220.png, https://www.bluestarindia.com/media/241084/facebook.png, https://www.bluestarindia.com/media/241081/x.png, https://www.bluestarindia.com/media/241082/linkedin.png, https://www.bluestarindia.com/media/241083/instagram.png, https://www.bluestarindia.com/media/241080/youtube.png"
simple,B2B-1055,MEDICAL REFRIGERATION PRODUCTS,1,0,visible,,,1,100,,,Commercial Refrigeration,"https://www.bluestarindia.com/img/about-usBG.jpg, https://www.bluestarindia.com/media/404659/medical-freezer.jpeg, https://www.bluestarindia.com/media/404661/pharma-refrigerator.jpeg, https://www.bluestarindia.com/media/241084/facebook.png, https://www.bluestarindia.com/media/241081/x.png, https://www.bluestarindia.com/media/241082/linkedin.png, https://www.bluestarindia.com/media/241083/instagram.png, https://www.bluestarindia.com/media/241080/youtube.png"
simple,B2B-1056,ICE MACHINES,1,0,visible,,Registered Office:,1,100,,,Commercial Refrigeration,"https://www.bluestarindia.com/img/about-usBG.jpg, https://www.bluestarindia.com/media/78823/ice-machines-2.jpg, https://www.bluestarindia.com/media/241084/facebook.png, https://www.bluestarindia.com/media/241081/x.png, https://www.bluestarindia.com/media/241082/linkedin.png, https://www.bluestarindia.com/media/241083/instagram.png, https://www.bluestarindia.com/media/241080/youtube.png"
simple,B2B-1057,ICE MACHINES,1,0,visible,,"Today, ice plays many unusual roles. A style element for cocktail drinks. A cool bedding for delicacies. A preserver of life-saving drugs. The list is as long as it is diverse. And to meet your specific usage requirements of ice in the best possible way, you can always rely on the expert, Blue Star.",1,100,,,Ice Machines,"https://www.bluestarindia.com/media/55991/coldstorage-commercial-banner.jpg, https://www.bluestarindia.com/media/78823/ice-machines-2.jpg, https://www.bluestarindia.com/media/217811/ice-machines-1.jpg, https://www.bluestarindia.com/img/download.png, https://www.bluestarindia.com/media/241084/facebook.png, https://www.bluestarindia.com/media/241081/x.png, https://www.bluestarindia.com/media/241082/linkedin.png, https://www.bluestarindia.com/media/241083/instagram.png, https://www.bluestarindia.com/media/241080/youtube.png"
simple,B2B-1058,MODULAR COLD ROOMS,1,0,visible,,Modular Cold Rooms are standard preservation chambers built at site to desired dimensions and cooling specifications.,1,100,,,Cold Storages,"https://www.bluestarindia.com/media/55993/coldstorage-commercial-banner.jpg, https://www.bluestarindia.com/media/56426/modular-coldroom.jpg, https://www.bluestarindia.com/img/download.png, https://www.bluestarindia.com/media/241084/facebook.png, https://www.bluestarindia.com/media/241081/x.png, https://www.bluestarindia.com/media/241082/linkedin.png, https://www.bluestarindia.com/media/241083/instagram.png, https://www.bluestarindia.com/media/241080/youtube.png"
simple,B2B-1059,BANANA RIPENING COLD ROOMS,1,0,visible,,THE PERFECT CHOICE FOR PROFITABILITY.,1,100,,,Cold Storages,"https://www.bluestarindia.com/media/55994/coldstorage-commercial-banner.jpg, https://www.bluestarindia.com/media/56427/banana-ripening-11-6-14.jpg, https://www.bluestarindia.com/media/241084/facebook.png, https://www.bluestarindia.com/media/241081/x.png, https://www.bluestarindia.com/media/241082/linkedin.png, https://www.bluestarindia.com/media/241083/instagram.png, https://www.bluestarindia.com/media/241080/youtube.png"
simple,B2B-1060,REFRIGERATION UNITS,1,0,visible,,Registered Office:,1,100,,,Cold Storages,"https://www.bluestarindia.com/media/55995/coldstorage-commercial-banner.jpg, https://www.bluestarindia.com/media/56424/hermetic.jpg, https://www.bluestarindia.com/media/56425/air-cooled-condesing.jpg, https://www.bluestarindia.com/media/241084/facebook.png, https://www.bluestarindia.com/media/241081/x.png, https://www.bluestarindia.com/media/241082/linkedin.png, https://www.bluestarindia.com/media/241083/instagram.png, https://www.bluestarindia.com/media/241080/youtube.png"
simple,B2B-1061,REFRIGERATION SYSTEMS HERMETIC SERIES,1,0,visible,,IT'S NOT JUST PRESERVATION. IT'S THE ULTIMATE IN PRESERVATION.,1,100,,,Refrigeration Units,"https://www.bluestarindia.com/media/55996/coldstorage-commercial-banner.jpg, https://www.bluestarindia.com/media/56424/hermetic.jpg, https://www.bluestarindia.com/img/download.png, https://www.bluestarindia.com/media/241084/facebook.png, https://www.bluestarindia.com/media/241081/x.png, https://www.bluestarindia.com/media/241082/linkedin.png, https://www.bluestarindia.com/media/241083/instagram.png, https://www.bluestarindia.com/media/241080/youtube.png"
simple,B2B-1062,REFRIGERATION SYSTEMS SEMI-HERMETIC SERIES (SUPER TROPICALISED),1,0,visible,,PACKAGED FOR POWER-PACKED PERFORMANCE,1,100,,,Refrigeration Units,"https://www.bluestarindia.com/media/55997/coldstorage-commercial-banner.jpg, https://www.bluestarindia.com/media/56425/air-cooled-condesing.jpg, https://www.bluestarindia.com/media/1052/water-cooled-contensing.jpg, https://www.bluestarindia.com/media/241084/facebook.png, https://www.bluestarindia.com/media/241081/x.png, https://www.bluestarindia.com/media/241082/linkedin.png, https://www.bluestarindia.com/media/241083/instagram.png, https://www.bluestarindia.com/media/241080/youtube.png"
simple,B2B-1063,PUF INSULATED PANELS,1,0,visible,,"The efficiency, hygiene and life of a cold room depend on the panels and accessories that go into making up the structure.",1,100,,,Cold Storages,"https://www.bluestarindia.com/media/55999/coldstorage-commercial-banner.jpg, https://www.bluestarindia.com/media/71010/puf-panels-thumb.jpg, https://www.bluestarindia.com/img/download.png, https://www.bluestarindia.com/media/241084/facebook.png, https://www.bluestarindia.com/media/241081/x.png, https://www.bluestarindia.com/media/241082/linkedin.png, https://www.bluestarindia.com/media/241083/instagram.png, https://www.bluestarindia.com/media/241080/youtube.png"
simple,B2B-1064,MORTUARY CHAMBERS,1,0,visible,,BUILT TO LAST,1,100,,,Speciality Products,"https://www.bluestarindia.com/media/56198/products-banner.jpg, https://www.bluestarindia.com/media/78785/mortuary-cabinet-02.jpg, https://www.bluestarindia.com/media/241084/facebook.png, https://www.bluestarindia.com/media/241081/x.png, https://www.bluestarindia.com/media/241082/linkedin.png, https://www.bluestarindia.com/media/241083/instagram.png, https://www.bluestarindia.com/media/241080/youtube.png"
simple,B2B-1065,SPECIALITY PRODUCTS,1,0,visible,,Registered Office:,1,100,,,Products,"https://www.bluestarindia.com/media/56196/products-banner.jpg, https://www.bluestarindia.com/media/78785/mortuary-cabinet-02.jpg, https://www.bluestarindia.com/media/241084/facebook.png, https://www.bluestarindia.com/media/241081/x.png, https://www.bluestarindia.com/media/241082/linkedin.png, https://www.bluestarindia.com/media/241083/instagram.png, https://www.bluestarindia.com/media/241080/youtube.png"
simple,B2B-1066,BUSINESS OVERVIEW,1,0,visible,,"Blue Star is one of India’s leading integrated MEP service providers, with over 80 years of project experience while delivering expert HVACR solutions across the Building, Industrial, and Infrastructure segments. The Company’s Electro-Mechanical Projects Group (EMPG) has built a strong reputation over the past couple of decades as a one-stop turnkey provider of both integrated and discrete MEP services, managing large-scale projects for airports, hospitals, hotels, retail malls, commercial complexes, factories, data centres, electrical substations, railway electrification, and rural water supply. Supported by a robust global supply chain and a commitment to excellence, Blue Star’s EMPG has successfully contributed to engineering marvels across diverse geographies, earning the trust of clients worldwide.",1,100,,,Mep And More,"https://www.bluestarindia.com/media/56068/projects-banner.jpg, https://www.bluestarindia.com/media/241084/facebook.png, https://www.bluestarindia.com/media/241081/x.png, https://www.bluestarindia.com/media/241082/linkedin.png, https://www.bluestarindia.com/media/241083/instagram.png, https://www.bluestarindia.com/media/241080/youtube.png"
simple,B2B-1067,BUILDINGS SERVICES,1,0,visible,,,1,100,,,Buildings,"https://www.bluestarindia.com/media/70946/buildings-banner.jpg, https://www.bluestarindia.com/media/56213/buildings-banner-small.jpg, https://www.bluestarindia.com/media/241084/facebook.png, https://www.bluestarindia.com/media/241081/x.png, https://www.bluestarindia.com/media/241082/linkedin.png, https://www.bluestarindia.com/media/241083/instagram.png, https://www.bluestarindia.com/media/241080/youtube.png"
simple,B2B-1068,CREDENTIALS,1,0,visible,,,1,100,,,Buildings,"https://www.bluestarindia.com/media/70947/buildings-banner.jpg, https://www.bluestarindia.com/media/70948/buildings-banner-small.jpg, https://www.bluestarindia.com/media/241084/facebook.png, https://www.bluestarindia.com/media/241081/x.png, https://www.bluestarindia.com/media/241082/linkedin.png, https://www.bluestarindia.com/media/241083/instagram.png, https://www.bluestarindia.com/media/241080/youtube.png"
simple,B2B-1069,NOTABLE ORDERS,1,0,visible,,,1,100,,,Buildings,"https://www.bluestarindia.com/media/70949/buildings-banner.jpg, https://www.bluestarindia.com/media/70950/buildings-banner-small.jpg, https://www.bluestarindia.com/media/241084/facebook.png, https://www.bluestarindia.com/media/241081/x.png, https://www.bluestarindia.com/media/241082/linkedin.png, https://www.bluestarindia.com/media/241083/instagram.png, https://www.bluestarindia.com/media/241080/youtube.png"
simple,B2B-1070,CASE STUDIES,1,0,visible,,,1,100,,,Buildings,"https://www.bluestarindia.com/media/70951/buildings-banner.jpg, https://www.bluestarindia.com/media/70952/buildings-banner-small.jpg, https://www.bluestarindia.com/media/241084/facebook.png, https://www.bluestarindia.com/media/241081/x.png, https://www.bluestarindia.com/media/241082/linkedin.png, https://www.bluestarindia.com/media/241083/instagram.png, https://www.bluestarindia.com/media/241080/youtube.png"
simple,B2B-1071,INDUSTRIAL SERVICES,1,0,visible,,,1,100,,,Industrial,"https://www.bluestarindia.com/media/70957/industry-banner.jpg, https://www.bluestarindia.com/media/70958/industry-banner-small.jpg, https://www.bluestarindia.com/media/241084/facebook.png, https://www.bluestarindia.com/media/241081/x.png, https://www.bluestarindia.com/media/241082/linkedin.png, https://www.bluestarindia.com/media/241083/instagram.png, https://www.bluestarindia.com/media/241080/youtube.png"
simple,B2B-1072,FACTORIES,1,0,visible,,,1,100,,,Industrial,"https://www.bluestarindia.com/img/about-usBG.jpg, https://www.bluestarindia.com/media/241084/facebook.png, https://www.bluestarindia.com/media/241081/x.png, https://www.bluestarindia.com/media/241082/linkedin.png, https://www.bluestarindia.com/media/241083/instagram.png, https://www.bluestarindia.com/media/241080/youtube.png"
simple,B2B-1073,INFRASTRUCTURE SERVICES​,1,0,visible,,,1,100,,,Infrastructure,"https://www.bluestarindia.com/media/56228/projects-banner.jpg, https://www.bluestarindia.com/media/241084/facebook.png, https://www.bluestarindia.com/media/241081/x.png, https://www.bluestarindia.com/media/241082/linkedin.png, https://www.bluestarindia.com/media/241083/instagram.png, https://www.bluestarindia.com/media/241080/youtube.png"
simple,B2B-1074,INFRASTRUCTURE CREDENTIALS,1,0,visible,,,1,100,,,Infrastructure,"https://www.bluestarindia.com/media/56230/projects-banner.jpg, https://www.bluestarindia.com/media/241084/facebook.png, https://www.bluestarindia.com/media/241081/x.png, https://www.bluestarindia.com/media/241082/linkedin.png, https://www.bluestarindia.com/media/241083/instagram.png, https://www.bluestarindia.com/media/241080/youtube.png"
simple,B2B-1075,NOTABLE ORDERS,1,0,visible,,,1,100,,,Infrastructure,"https://www.bluestarindia.com/media/56232/projects-banner.jpg, https://www.bluestarindia.com/media/241084/facebook.png, https://www.bluestarindia.com/media/241081/x.png, https://www.bluestarindia.com/media/241082/linkedin.png, https://www.bluestarindia.com/media/241083/instagram.png, https://www.bluestarindia.com/media/241080/youtube.png"
simple,B2B-1076,CASE STUDIES,1,0,visible,,,1,100,,,Infrastructure,"https://www.bluestarindia.com/media/56234/projects-banner.jpg, https://www.bluestarindia.com/media/241084/facebook.png, https://www.bluestarindia.com/media/241081/x.png, https://www.bluestarindia.com/media/241082/linkedin.png, https://www.bluestarindia.com/media/241083/instagram.png, https://www.bluestarindia.com/media/241080/youtube.png"
simple,B2B-1077,ROOM AIR CONDITIONERS,1,0,visible,,,1,100,,,Products,"https://www.bluestarindia.com/img/about-usBG.jpg, https://www.bluestarindia.com/media/241084/facebook.png, https://www.bluestarindia.com/media/241081/x.png, https://www.bluestarindia.com/media/241082/linkedin.png, https://www.bluestarindia.com/media/241083/instagram.png, https://www.bluestarindia.com/media/241080/youtube.png"
simple,B2B-1078,WATER PURIFIERS,1,0,visible,,,1,100,,,Products,"https://www.bluestarindia.com/img/about-usBG.jpg, https://www.bluestarindia.com/media/241084/facebook.png, https://www.bluestarindia.com/media/241081/x.png, https://www.bluestarindia.com/media/241082/linkedin.png, https://www.bluestarindia.com/media/241083/instagram.png, https://www.bluestarindia.com/media/241080/youtube.png"
simple,B2B-1079,ROOM AIR CONDITIONERS,1,0,visible,,We use cookies,1,100,,,Www.Bluestarindia.Com,"https://www.bluestarindia.com/media/343550/7_8_water-cooler-office-v2_1920-x-648-4.png, https://www.bluestarindia.com/media/343551/7_8_water-cooler-office-v2_640-x-612-1.png, https://www.bluestarindia.com/media/404608/bluestar_summer_capaign_1920x648.jpg, https://www.bluestarindia.com/media/404609/bluestar_summer_capaign_640x612.jpg, https://www.bluestarindia.com/media/404610/1920-x-648.jpg, https://www.bluestarindia.com/media/404611/640-x-612-revised.jpg, https://www.bluestarindia.com/media/294798/close.png, https://www.bluestarindia.com/img/Home-Products/Room-AC.jpg, https://www.bluestarindia.com/img/Home-Products/Water-Purifier.jpg, https://www.bluestarindia.com/img/Home-Products/Air-Purifier.jpg, https://www.bluestarindia.com/img/Home-Products/Air-Cooler.jpg, https://www.bluestarindia.com/media/70938/empg-tile.jpg, https://www.bluestarindia.com/img/product-thumb-2.jpg, https://www.bluestarindia.com/img/product-thumb-4.jpg, https://www.bluestarindia.com/media/51023/water-coolers.png, https://www.bluestarindia.com/img/project-thumb-4.jpg, https://www.bluestarindia.com/img/project-thumb-5.jpg, https://www.bluestarindia.com/img/project-thumb-6.jpg, https://www.bluestarindia.com/img/project-thumb-7.jpg, https://www.bluestarindia.com/img/project-thumb-8.jpg, https://www.bluestarindia.com/img/project-thumb-9.jpg, https://www.bluestarindia.com/img/project-thumb-10.jpg, https://www.bluestarindia.com/img/project-thumb-11.jpg, https://www.bluestarindia.com/media/241084/facebook.png, https://www.bluestarindia.com/media/241081/x.png, https://www.bluestarindia.com/media/241082/linkedin.png, https://www.bluestarindia.com/media/241083/instagram.png, https://www.bluestarindia.com/media/241080/youtube.png"
simple,B2B-1080,Oops! Something went wrong.,1,0,visible,,"We're sorry, but an unexpected error occurred. Please try again later.",1,100,,,Waterpurifiers,
simple,B2B-1081,"Blue Star
Blue Star",1,0,visible,,This site uses cookies. By clicking Accept or continuing to browse the site you are agreeing to our use of cookies. Learn more in our Privacy Policy.,1,100,,,Consumer.Bluestarindia.Com,"https://consumer.bluestarindia.com/cdn/shop/files/AC_1_432x432_923407fa-f2a0-4c07-a662-6e1e39c399cd.jpg, https://consumer.bluestarindia.com/cdn/shop/files/AC_2_432x432_52bd1a8f-d78f-4451-8518-5ccac25ef9f8.jpg, https://consumer.bluestarindia.com/cdn/shop/files/PA35MMA_432x432_5f5a6b52-1405-4b9f-9bea-a85360253b96.jpg, https://consumer.bluestarindia.com/cdn/shop/files/CA120PMH_432x432_3e07d0fb-580a-4460-9d5b-980f7da40b18.jpg, https://consumer.bluestarindia.com/cdn/shop/files/Refrigeration_Banners_900x437-231024_5bf719d4-7c1d-40a9-8d25-30c7f820f8ef.png, https://consumer.bluestarindia.com/cdn/shop/files/Untitled_design_-_2024-08-05T124909.801_1.png, https://consumer.bluestarindia.com/cdn/shop/files/preview_images/5ac5f4a698694d8395279f50f91b30c6.thumbnail.0000000000.jpg, https://consumer.bluestarindia.com/cdn/shop/files/preview_images/ea260ce503964c7ab2b797c87565e501.thumbnail.0000000000.jpg, https://consumer.bluestarindia.com/cdn/shop/files/AC-Banner_790x415_2a405a3d-145e-430c-84cd-326aa93c7033.jpg, https://consumer.bluestarindia.com/cdn/shop/files/Air-Cooler-Banner_790x415_003.jpg, https://consumer.bluestarindia.com/cdn/shop/files/Air-purifier-_790x415_eb26fc94-4cb3-435e-9375-af986d0a6525.jpg, https://consumer.bluestarindia.com/cdn/shop/files/Refrigeration-Banner_790x415_da6a4efb-76fc-4476-bd6f-38869d9651dd.jpg, https://consumer.bluestarindia.com/cdn/shop/files/HD-Desktop_1800x473_08110126-182e-42ae-bd5d-6fc6c244d49b.jpg, https://consumer.bluestarindia.com/cdn/shop/files/SEE-Flagship-1_HP-1800x473_98e560b1-fcdb-4670-b165-82aff31ab730.jpg, https://consumer.bluestarindia.com/cdn/shop/files/Hot_Cold-Flagship-HP-1800x473_af74a4d9-32f8-4676-b40d-23e257bc8be0.jpg, https://consumer.bluestarindia.com/cdn/shop/files/Anti-Virus-Flagship-HP-1800x473_ee0460e1-7ce6-45e9-a529-fcb52cacc59e.jpg, https://consumer.bluestarindia.com/cdn/shop/files/ic712qcus_gallery-images-01_14_2.png, https://consumer.bluestarindia.com/cdn/shop/files/Gallery_Images_01_580e195f-913a-47c5-95f5-a159c52caeb2.png, https://consumer.bluestarindia.com/cdn/shop/files/1_IC518ZNURS-IDUFrontView.png, https://consumer.bluestarindia.com/cdn/shop/files/ic318vnus_ic318vnus-gallery-images-01.png"
