url,company_name,emails,phone_numbers
https://www.avit.co.ke,Failed,,
https://www.alkancit.com/,You are being redirected...,,
https://www.catsgroup.co.tz,Home,,
https://WWW.CCTZ.COM,Failed,,
https://aircomglobal.com/,Aircom Global,"sales@aircomglobal.com, sales.ug@aircomglobal.com, sales.india@aircomglobal.com, sales.tz@aircomglobal.com",
https://ariestechnologiesltd.co.tz/,ARIES TECHNOLOGIES LIMITED,jk@ariestechnologiesltd.co.tz,
https://www.bck.co.ke,https://www.bck.co.ke,,
https://www.bigbee.io/,Bigbee Technology,,
https://www.ctgafrica.com/,https://www.ctgafrica.com/,,
https://www.airtel.africa,Airtel Africa,,
https://services.global.ntt/en-us/new-404?searchTerm=ke,NTT,,
https://www.dolphin.co.tz,Failed,,
https://www.clc-training.com/,Home,info.africa@clc-training.com,+254 758 809066
https://district30.africa/,Home,,
https://www.datacentrixs.com/,Datacentrix Solutions Limited – Inspiring Technology,info@datacentrixs.com,"+255 685 676800, +255 759 670932"
https://groupcis.com/,CIS Group,,
https://aplite.co.tz,https://aplite.co.tz,,
https://dynatech.co.tz/,Dynatech Solutions - Value built on Technology,info@dynatech.co.tz,
https://yahoo.uservoice.com/forums/193847-search,US Search Desktop: Hot (2 ideas) – Yahoo Feedback,,
https://www.envotec.co.tz/,My Website,,767 605137
https://www.ibm.com/in-en,IBM,,
http://www.e-com.co.tz/,e,info@e-com.co.tz,"+255 22 2617996, 0800-0500"
https://www.three.com/,Home,,
https://www.freedomuhuru.com,Account Suspended,,
https://www.infogear.co.tz/,Infogear Technology,Sales@infogear.co.tz,
https://www.ivosolutions.co.tz/,https://www.ivosolutions.co.tz/,,
https://www.jeis.co.tz/,JEIS Industries,business@jeis.co.tz,
https://www.isontechnologies.com/,iSON Technologies,,
https://kalamutech.co.tz,404 Not Found,,
https://www.it.co.tz,Home,,+255 22 277 5873
https://www.matlucky.co.tz,Matlucky Company Limited,info@matlucky.co.tz,
https://dte-tech.com/,Down To Earth Technologies Limited – Innovation. Simplified.,support@dte-tech.com,(0) 204 34 3070
https://www.infosec.co.tz,Infosec | Cybersecurity Consulting Company - Ahead of cyber risks!,"info@infosec.co.tz, info@infosec.co.rw","+250793762753, +255673240533"
https://yahoo.uservoice.com/forums/193847-search,US Search Desktop: Hot (2 ideas) – Yahoo Feedback,,
https://palladiumtech.co.tz/,Palladium Tech Tanzania Ltd,info@palladiumtech.co.tz,
https://www.computechlimited.com,Failed,,
https://www.computertz.com,Failed,,
https://www.infosys.co.tz,Failed,,
https://konvergenz.co.ke/our-solutions/,Failed,,
https://www.groupmfi.com,Failed,,
https://seacom.com/,seacom,,
https://www.paones.co.tz/cgi-sys/suspendedpage.cgi,Account Suspended,,
https://www.techmahindra.com/,Tech Mahindra | Scale at Speed,,
https://sensortec.co.tz/,SensorTec Tanzania,info@sensortec.co.tz,
https://www.pi227africa.com/,https://www.pi227africa.com/,,
https://silensec.com/,Silensec,info@silensec.com,"(0) 20 8071814, +357 99 883356, +255 7955 34653, +260 7706 99737"
https://softnet.co.tz/,SoftNet Technologies Limited,"info@softnet.co.ug, info@softnet.co.tz",+255 22 251 5100
https://thescotiagroup.com/,Scotia – Pan,,
http://www.satconet.co.tz,Failed,,
https://247.tech/,247 Tech – Revolutionizing the delivery of technology – We help you invest and implement next generation technology tailored to your business in a simple and timely way.,,2001-2019
https://technomak.co.tz/,Technomak Consulting Limited – World Innovation,"support@technomak.co.tz, info@technomak.co.tz",+255763100705
https://www.techno-associates.com,Welcome To Technology Associates,,
https://www.ubx.co.tz,UBX – IT Services & Solutions,"sales@ubx.co.tz, info@ubx.co.tz",
https://www.techno-associates.com,Welcome To Technology Associates,,
https://www.sybyl.com,SYBYL,,
https://ttcs.co.tz/,TTCS,,
https://ira.go.ug/wp-content/uploads/2025/09/LIST-OF-IRA-PREQUALIFIED-PROVIDERS-FY-2025-2028.pdf,https://ira.go.ug/wp-content/uploads/2025/09/LIST-OF-IRA-PREQUALIFIED-PROVIDERS-FY-2025-2028.pdf,,"0012961695 00000, 0001447504 00000, 0002918759 00000, 0005927715 00000, 0006867982 00000, 0009078615 00000, 0011629723 00000, 0012960355 00000, 0012962665 00000, 0004613653 00000, 0000477771 00000, 0007367939 00000, 0009956748 00000, 0012962083 00000, 0005022293 00000, 0012961310 00000, 0003354224 00000, 0012959400 00000, 0001447321 00000, 0003353866 00000, 0003838920 00000, 0012135227 00000, 0011630009 00000, 0011128672 00000, 0012962859 00000, 0002433163 00000, 0006382405 00000, 0004613272 00000, 0012960928 00000, 0009957136 00000, 0012953843 00000, 0012553791 00000, 0012954045 00000, 0001950262 00000, 0009479356 00000, 0002919140 00000, 0012954231 00000, 0010296599 00000, 0006867906 00000, 0012134863 00000, 0009479154 00000, 0012957875 00000, 0012963053 00000, 0000964086 00000, 0007858564 00000, 0000963911 00000, 0008235418 00000, 0004334605 00000, 0010771871 00000, 0007368015 00000, 0011629823 00000, 0005927814 00000, 0012961501 00000, 0006382763 00000, 0000478145 00000, 0008235799 00000, 0011128572 00000, 0005441515 00000, 0012953867 00000, 0012958254 00000, 0005022392 00000, 0005022217 00000, 0006382382 00000, 0001447146 00000, 0012134941 00000, 0001447123 00000, 0008738222 00000, 0012958827 00000, 0003838722 00000, 0011128494 00000, 0010771847 00000, 0009479542 00000, 0004334224 00000, 0010771949 00000, 0012959209 00000, 0007368114 00000, 12963441, 0009078715 00000, 0010772235 00000, 0000000016 00000, 0000963987 00000, 0012553427 00000, 0006382580 00000, 0009078537 00000, 0012553605 00000, 0004334323 00000, 0010772049 00000, 0005927913 00000, 0008235517 00000, 0007858945 00000, 0009078901 00000, 0011629621 00000, 0012953945 00000, 0012958445 00000, 0005022194 00000, 0002918782 00000, 0012961119 00000, 0001949881 00000, 0012553403 00000, 0000477867 00000, 0003838821 00000, 0004334422 00000, 0000477965 00000, 0005928096 00000, 12954636, 0006868264 00000, 0005022575 00000, 0003839103 00000, 0003838745 00000, 0010296235 00000, 0012959973 00000, 0008738603 00000, 0004613295 00000, 0012963247 00000, 0010296313 00000, 0009078514 00000, 0007858762 00000, 0010296211 00000, 0008738321 00000, 0005441492 00000, 0012958636 00000, 0012958063 00000, 0012957775 00000, 0009956772 00000, 0012961889 00000, 0006382481 00000, 0012954526 00000, 0003353942 00000, 0011128858 00000, 0012959782 00000, 0012959591 00000, 0009479256 00000, 0009956850 00000, 0005927738 00000, 0007858587 00000, 0012960546 00000, 0005441591 00000, 0012553505 00000, 0009479178 00000, 0011629645 00000, 0008235616 00000, 0002433445 00000, 0001950079 00000, 0012960164 00000, 0012962471 00000, 0012135041 00000, 0008235441 00000, 0010296413 00000, 0012962277 00000, 0012134839 00000, 0000477793 00000, 0009956950 00000, 0012954575 00000, 0008738245 00000, 0007368297 00000, 0006867883 00000, 0002918957 00000, 0004613371 00000, 0003353843 00000, 0006868081 00000, 0007367916 00000, 0002433087 00000, 0001949980 00000, 0004334247 00000, 0011128470 00000, 0002433262 00000, 0002918858 00000, 0007858663 00000, 0012960737 00000, 0000964269 00000, 0003354041 00000, 0005441690 00000, 0001447222 00000, 0008738420 00000, 0001949904 00000, 0000963889 00000, 0012959018 00000, 0004613470 00000, 0002433064 00000, 0005441873 00000"
