partner_name,site_name,address,site_id
Logo,LOGO MONTENEGRO DOO,   ,4149665
A. Lehmann Elektro AG,A LEHMANN ELEKTRO AG,   ,1503046
CRIMSON Technology,CRIMSON TECHNOLOGY,   ,2909211
THALOS TECHNOLOGIES SAC,THALOS TECHNOLOGIES SAC,   ,4153019
PRINTSCAN SRL,PRINTSCAN SRL,   ,4153985
FUJITSU,FUJITSU TECHNOLOGY SOLUTIONS SA,   ,3205709
OPEX CONSULTANTS,OPEX CONSULTANTS,   ,4147784
TALEX S A,TALEX S.A.,   ,13194
GROUP ELEVEN CONSULTING INC,GROUPELEVEN CONSULTING,   ,4071436
TECH MAHINDRA LTD,TECH MAHINDRA LTD,   ,3643507
DECENS,DECENS,   ,4072344
REBEL ARCHITECTURE LTD,REBEL ARCHITECTURE LTD,   ,3748094
STALLION AUTOMATISERING B.V.,STALLION AUTOMATISERING B.V.,   ,1839483
MUNGER TECHNICAL SERVICES,MUNGER TECHNICAL SERVICES,   ,108640
AwardOne Technology Pty Ltd,AWARD ONE TECHNOLOGY PTY LTD,   ,2747757
Promotech Inc,Promotech Inc (Guyana),   ,4157274
JORDAN ASSOCIATES INC,"JORDAN ASSOCIATES INTEGRATED SYSTEMS, INC.",   ,3659853
MY TECH WIZARDS LLC,MY TECH WIZARDS LLC,   ,4122958
VNETWORK SYSTEM SDN. BHD.,VNETWORK SYSTEM SDN BHD,   ,3670376
EXPOSICION DE COMPUTADORAS DE SAN LUIS S DE RL DE CV,EXPOSICION DE COMPUTADORAS DE SAN LUIS S DE RL DE CV,   ,4046108
OST,OST,   ,4115975
ALAGAS NETWORK PTE LTD,ALAGAS NETWORK PTE LTD,   ,4152883
Proyectos Integrales del Ecuador PIL S.A,PROYECTOS INTEGRALES DEL ECUADOR PIL S.A,   ,3838117
"Marin It, Inc",MARIN IT INC,   ,2295622
FK TECHNOLOGY SDN BHD,FK TECHNOLOGY SDN BHD,   ,4008390
Technology Marketing & Management Services,TECHNOLOGY MARKETING & MANAGEMENT SERVICES,   ,3885724
SOLARIS,SOLARIS,   ,3827167
UNI ELEKTRO Fachgroßhandel GmbH & Co. KG,UNI ELEKTRO FACHGROSSHANDEL GMBH & CO. KG,   ,2998550
EZPC Indy LLC,EZPC INDY LLC,   ,3327621
AKRIVIS NETWORKS GMBH,AKRIVIS NETWORKS GMBH,   ,4162331
"Integrity IT, LLC","Integrity IT, LLC",   ,4047311
HTT COMMUNICATIONS LLC,HTT COMMUNICATIONS LLC,   ,4071667
GRAPHIC TRADES PRIVATE LIMITED,GRAPHIC TRADES,   ,2954108
GTS Technosoft Pvt Ltd,GTS TECHNOLOGIES,   ,3504994
"PC HELPERS, INC.",PCH TECHNOLOGIES,   ,2940418
APROX IT LTD,APROX IT LTD,   ,4014996
iNetworks,I NETWORKS INC,   ,3987472
QualityKiosk Technologies,QUALITYKIOSK TECHNOLOGIES PVT LTD,   ,3626361
"DataNet Systems, Inc.","DataNet Systems, Inc.",   ,2055656
Flow Communications Europe SRL,FLOW COMMUNICATIONS EUROPE SRL,   ,3870805
"JasTel Network Co.,Ltd.",JASTEL NETWORK COLTD,   ,3173414
INTERTRADE INTERNATIONAL SERVICES SA,INTERTRADE INTERNATIONAL,   ,3897833
ALLIANCEPROIT PRIVATE LTD,ALLIANCEPROIT PRIVATE LTD,   ,4102973
SATOCONNECT P.C.,SATOCONNECT PC,   ,3754220
IT SPACE SOLUTION,IT SPACE SOLUTION,   ,4098142
ENTEREO SPZOO,ENTEREO SPZOO,   ,4103364
HCL Technologies,HCL TECHNOLOGIES LITHUANAI UAB,   ,3934944
BIG DIPPER CONSULTING LTD,BIG DIPPER CONSULTING LTD,   ,4128580
Saudi Information Systems,SAUDI INFORMATION SYSTEMS - SIS,   ,4095128
COMUNICACIONES Y SISTEMAS INTEGRALES LTDA,COMUNICACIONES Y SISTEMAS INTEGRALES LTDA,   ,3659634
SCC SPAIN (SPECIALIST COMPUTERS CENTRES),SCC ESPANA,   ,3856663
MESINIAGA BERHAD,MESINIAGA BHD,   ,6737
BEIJING YUXINAN INFORMATION TECHNOLOGY COMPANY LTD,BEIJING YUXINAN INFORMATION TECHNOLOGY COMPANY LTD,   ,4136549
ARC Informatique,ARC Mali SA,   ,1347388
EQUIPBUREAU CANADA INC.,EQUIPBUREAU CANADA INC,   ,3313311
CYBER ADVISORS INC,CYBER ADVISORS INC,   ,3356663
SKHYSTEC,SKHYSTEC,   ,3841353
IMRIM,IMRIM,   ,4121532
EB Solution,EB Solution,   ,4140805
BIS,"BUSINESS IMAGING SYSTEMS, INC.",   ,3023840
"JACK HENRY & ASSOCIATES, INC",JACK HENRY & ASSOC,   ,1041458
ANDERSON NETWORKS,ANDERSON NETWORKS,   ,4098181
"Shanghai Shenghong Information Technology Co., Ltd",SHANGHAI SHENGHONG INFORMATION TECHNOLOGY COMPANY LTD,   ,3980502
ASONESYSTEM,ASONESYSTEM,   ,4036685
SoftwareONE India Pvt. Ltd,SOFTWAREONE INDIA PVT LTD,   ,3851703
TURNKEY INTEGRATED TECHNOLOGIES,TURNKEY INTEGRATED TECHNOLOGIES,   ,3813572
EVIDEN DOO BEOGRAD,ATOS KARTAL,   ,2825391
CE3 SP.J. PIEKARCZYK ZAK,Ce3 Sp.J. Piekarczyk Zak,   ,20158
CET Technologies Inc.,CET Technologies Inc.,   ,4137151
DSOURCE INC,DSOURCE INC,   ,4126066
DR IT PLANETS LTD,DR IT PLANETS LTD,   ,4157437
SOVARIA GMBH & CO. KG,SOVARIA GMBH & CO. KG,   ,3744989
NTTDATACHUGOKU,NTTDATACHUGOKU,   ,3575033
HONEYWELL INTERNATIONAL INC,HONEYWELL,   ,2583302
GVS CONSULTING,GVS CONSULTING,   ,4116383
Servlane Ltd,SERVLANE LTD,   ,3569710
Provision Infotech,PROVISION INFO TECH,   ,3651144
PERMIAN NETWORKS LLC,PERMIAN NETWORKS LLC,   ,4168783
TANAKA COLTD,TANAKA COLTD,   ,3751234
NTECH LDA,NTECH LDA,   ,3660770
GENIEGIA,GENIEGIA,   ,4092500
EMBLI Solutions,EMBLI SOLUTIONS,   ,3980233
CONTROL PANELS USA INC,CONTROL PANELS USA INC,   ,4068725
OPTIV FEDERAL DBA OPTIV CLEARSHARK,OPTIV FEDERAL DBA OPTIV CLEARSHARK,   ,2984679
COMPUTER UNION CO LTD,COMPUTER UNION CO LTD,   ,34917
LOCATEE AG,LOCATEE AG,   ,3199593
AWECREATION PTE LTD,AWECREATION PTE LTD,   ,3129500
Cost & Co,COST & COMPANY,   ,3589300
BETA LINKS SOLUTIONS,BETA LINKS SOLUTIONS,   ,4120665
VAISHNAVI ENTERPRISES,VAISHNAVI ENTERPRISES,   ,3996926
NEUROTECH,NEUROTECH CI,   ,3036724
IT Valley,IT VALLEY,   ,3465566
ENVIGO CORPORATION,ENVIGO CORPORATION,   ,4145917
THOUSAND INTERNATIONAL COMPANIES SA DE CV,THOUSAND INTERNATIONAL COMPANIES SA DE CV,   ,3636297
BOYETTES GOOD COMPANY INC DBA CMIT SOLUTIONS OF GREENVILLE,BOYETTES GOOD COMPANY INC DBA CMIT SOLUTIONS OF GREENVILLE,   ,4136682
allnet.italia,ALLNETITALIA SPA,   ,3084652
NTI,NTI SOLUTIONS,   ,3449341
Triada Networks LLC,TRIADA NETWORKS LLC,   ,3646919
SYMPHONY,SYMPHONY,   ,4023464
NETIST,NETIST,   ,4064792
