partner_name,site_name,site_phone,web_addr,extracted_emails,extracted_phones,address
Aircom Systems Ltd,PETABYTE AIRCOM LTD TANZANIA,+255695547797,https://aircomglobal.com/,"sales@aircomglobal.com, sales.ug@aircomglobal.com, sales.india@aircomglobal.com, sales.tz@aircomglobal.com","+256754334182, +255695547797","VICTORIA PLAZA, 3RD FLOOR , SAMORA AVENUE AND MOROGORO ROAD JUNCTION CITY CENTER, DAR ES SALAAM, TANZANIA"
Alkan CIT Ethiopia,ALKAN CIT TANZANIA,+255765003795,https://www.alkancit.com/,,"201228907098, +254722514546, +255765003795","AMANI PLACE, OHIO STREET, 7TH FLOOR, OFFICE NUMBER -701,DAR ES SALAAM,TANZANIA, DAR ES SALAAM, TANZANIA"
aplite consulting,APLITE CONSULTING,+255653320091,https://aplite.co.tz,,"+255653320091, +255629222777","JOSIEM BUILDING OFFICE # 20, DODOMA, TANZANIA"
ARIES TECHNOLOGIES LTD,ARIES TECHNOLOGIES LTD,+255682595503,https://ariestechnologiesltd.co.tz/,jk@ariestechnologiesltd.co.tz,+255682595503,"DAR ES SALAAM , TANZANIA, DAR ES SALAAM, TANZANIA"
AVIT INTERNATIONAL EAST AFRICA,AVIT INTERNATIONAL TANZANIA,31617002731,https://www.avit.co.ke,,"+251983030732, 31617002731","BEST ONE COMPLEX, SALASALA MBEZI BEACH , DAR ES SALAAM, TANZANIA"
BANYAN IT SOLUTIONS LTD,Banyan IT Solutions Ltd,,https://ira.go.ug/wp-content/uploads/2025/09/LIST-OF-IRA-PREQUALIFIED-PROVIDERS-FY-2025-2028.pdf,,"0012961695 00000, 0001447504 00000, 0002918759 00000, 0005927715 00000, 0006867982 00000, 0009078615 00000, 0011629723 00000, 0012960355 00000, 0012962665 00000, 0004613653 00000, 0000477771 00000, 0007367939 00000, 0009956748 00000, 0012962083 00000, 0005022293 00000, 0012961310 00000, 0003354224 00000, 0012959400 00000, 0001447321 00000, 0003353866 00000, 0003838920 00000, 0012135227 00000, 0011630009 00000, 0011128672 00000, 0012962859 00000, 0002433163 00000, 0006382405 00000, 0004613272 00000, 0012960928 00000, 0009957136 00000, 0012953843 00000, 0012553791 00000, 0012954045 00000, 0001950262 00000, 0009479356 00000, 0002919140 00000, 0012954231 00000, 0010296599 00000, 0006867906 00000, 0012134863 00000, 0009479154 00000, 0012957875 00000, 0012963053 00000, 0000964086 00000, (069) 987-4468, 0007858564 00000, 0008235418 00000, 0000963911 00000, 0004334605 00000, 0010771871 00000, 0007368015 00000, 0011629823 00000, 0005927814 00000, 0012961501 00000, 0006382763 00000, 0000478145 00000, 0008235799 00000, 0011128572 00000, 0005441515 00000, 0012953867 00000, 0012958254 00000, 0005022392 00000, 0005022217 00000, 0006382382 00000, 0001447146 00000, 0012134941 00000, 0001447123 00000, 0008738222 00000, 0012958827 00000, 0003838722 00000, 0011128494 00000, 0010771847 00000, 0009479542 00000, 0004334224 00000, 0010771949 00000, 0012959209 00000, 0007368114 00000, 12963441, 0009078715 00000, 0010772235 00000, 0000000016 00000, 0000963987 00000, 0012553427 00000, 0006382580 00000, 0009078537 00000, 0012553605 00000, 0004334323 00000, 0010772049 00000, 0005927913 00000, 0008235517 00000, 0009078901 00000, 0011629621 00000, 0012953945 00000, 0012958445 00000, 0005022194 00000, 0002918782 00000, 0012961119 00000, 0001949881 00000, 0012553403 00000, 0000477867 00000, 0003838821 00000, 0004334422 00000, 0000477965 00000, 0005928096 00000, 12954636, 0006868264 00000, 0005022575 00000, 0003839103 00000, 0003838745 00000, 0010296235 00000, 0012959973 00000, 0008738603 00000, 0004613295 00000, 0012963247 00000, 0010296313 00000, 0009078514 00000, 0007858762 00000, 0010296211 00000, 0008738321 00000, 0005441492 00000, 0012958636 00000, 0012958063 00000, 0012957775 00000, 0009956772 00000, 0012961889 00000, 0006382481 00000, 0012954526 00000, 0003353942 00000, 0011128858 00000, 0012959782 00000, 0012959591 00000, 0009479256 00000, 0009956850 00000, 0005927738 00000, 0007858587 00000, 0012960546 00000, 0005441591 00000, 0012553505 00000, 0009479178 00000, 0011629645 00000, 0008235616 00000, 0002433445 00000, 0001950079 00000, 0012960164 00000, 0012962471 00000, 0012135041 00000, 0008235441 00000, 0010296413 00000, 0012962277 00000, 0012134839 00000, 0000477793 00000, 0009956950 00000, 0012954575 00000, 0008738245 00000, 0002433064 00000, 0007368297 00000, 0006867883 00000, 0002918957 00000, 0004613371 00000, 0003353843 00000, 0006868081 00000, 0007367916 00000, 0002433087 00000, +256 393202011, 0001949980 00000, 0004334247 00000, 0011128470 00000, 0002433262 00000, 0002918858 00000, 0007858663 00000, 0012960737 00000, 0000964269 00000, 0003354041 00000, 0005441690 00000, 0001447222 00000, 0008738420 00000, 0001949904 00000, 0000963889 00000, +256 774245169, 0012959018 00000, 0004613470 00000, 0007858945 00000, 0005441873 00000",Banyan IT Solutions Ltd Tanzania
BCK Kenya Ltd,BUSINESS CONNEXION TANZANIA LTD,+255764904605,https://www.bck.co.ke,,"+254721902450, +254723885209, +255764904605","PLOT NO6 OPPKK SECURITY, DAR ES SALAM, TANZANIA"
Bharti Airtel International Netherlands B.V (Kenya Branch),Airtel Tanzania Ltd,+255758551694,https://www.airtel.africa,,"+254730611100, +255758551694, 254736675202","KAWAWA ROAD, AIRTEL HOUSE CORNER OF AH MWINYI ROAD, DAR ES SALAAM, TANZANIA"
BIGBEE TECHNOLOGY LTD,BIGBEE TECHNOLOGY LTD,+255759004747,https://www.bigbee.io/,,+255759004747,"3C, 3RD FLOOR, TANZANITE TOWER, DAR ES SALAAM, TANZANIA"
CATS TANZANIA LTD,CATS TANZANIA LTD,+255222137915,https://www.catsgroup.co.tz,,+255222137915,"P O BOX 2569, DAR ES SALAAM, TANZANIA"
COMPUTECH LIMITED,COMPUTECH ICS (T) LIMITED,2111010,https://www.computechlimited.com,,"00025641342910, 2111010, +254730141000, +250255115352","P O BOX 38057, DAR ES SALAAM, TANZANIA"
COMPUTER CENTRE (TZ) LTD,COMPUTER CENTRE TANZANIA,+255222117730,https://WWW.CCTZ.COM,,"+255222117730, +251922467662","Plot No 107/27, Opposite TDFL Building, Upanga Road, Dar es Salaam, TANZANIA"
Computer Connections Ltd,COMPUTER CONNECTIONS LTD,+255222602857,https://www.computertz.com,,"+250789843143, +255222602857","GROUND FLOOR OASIS OFFICE PARK, PLOT 14/15 HAILE SELASSIE ROAD OYSTERBAY, DAR ES SALAAM, TANZANIA"
COMPUTER INFORMATION SYSTEMS,COMPUTER INFORMATION SYSTEMS Tanzania,+255764338095,https://groupcis.com/,,"+255764338095, +250252589558, +254717735444, +256414581022","NDOVU ROAD #65, DAR EL SALAM, TANZANIA"
COMPUTER LEARNING CENTRE LIMITED,TANZANIA,+255683901203,https://www.clc-training.com/,info.africa@clc-training.com,"+254 758 809066, +254205135250, +255683901203, 254713027191","CHOLE ROAD, PLOT NO1935/4 MASAKI, DAR ES SALAAM, TANZANIA"
Crescent Tech Ltd,CRESCENT CLIENT SOLUTION LIMITED,254701198903,https://www.ctgafrica.com/,,"+254768281619, 254701198903","PLOT # 1088, TOWER B, KIBASILA, DAR ES SALAAM , DAR ES SALAAM, TANZANIA"
DATACENTRIX SOLUTIONS LTD,DATACENTRIX SOLUTIONS LTD,+255685676800,https://www.datacentrixs.com/,info@datacentrixs.com,"+255685676800, +255 759 670932, +255 685 676800","15 SOPHIA KAWAWA STREET, PLOT NO 942, BLOCK 157, DAR ES SALAAM, TANZANIA"
DIMENSION DATA SOLUTIONS LTD,DIMENSION DATA TANZANIA LTD,+255222129147,https://services.global.ntt/en-us/new-404?searchTerm=ke,,"+255222129147, +25321321316, +250783417106, 254204993000, +254204993000, +256312313140","FLOOR BARCLAYS HOUSE OHIO STREET 2ND, DAR ES SALAAM, TANZANIA"
DISTRICT30 LTD,DISTRICT30 LTD,+255767898735,https://district30.africa/,,+255767898735,"2ND FLOOR - ZO SPACES PLOT NO 4 NEW BAGAMOYO ROAD KIJITONYAMA, DAR ES SALAAM, TANZANIA"
Dolphin Professional Services Limited,DOLPHIN PROFESSIONAL SERVICES LTD,+255763527670,https://www.dolphin.co.tz,,"+254712140144, 255763527670, +250788864852, +255763527670, +256759986825","WAKATIBADO/MANGO STREET BLOCK NO 45C PLOT NO 122, PLOT NO 122, DAR ES SALAAM, TANZANIA"
Double Click Consulting Ltd,DOUBLE CLICK CONSULTING LTD,,https://yahoo.uservoice.com/forums/193847-search,,,DOUBLE CLICK CONSULTING LTD Tanzania
DOWN TO EARTH TECHNOLOGIES LTD,"Plot 10, block 41",254204343070,https://dte-tech.com/,support@dte-tech.com,"(0) 204 34 3070, +254204343070, 254204343070, 2540204343070","Kumbukumbu Street, Morocco, Kinondoni, DAR ES SALAAM, TANZANIA"
Dynatech Solutions Ltd,DYNATECH SOLUTIONS LTD,+255713227249,https://dynatech.co.tz/,info@dynatech.co.tz,+255713227249,"PO BOX 12363, DAR ES SALAAM, TANZANIA"
Emerging Communications Ltd,EMERGING COMMUNICATIONS LTD,+255715710092,http://www.e-com.co.tz/,info@e-com.co.tz,"+255 22 2617996, 0800-0500, +255715710092","P.O. BOX 42133, DAR ES SALAAM, TANZANIA"
ENVOTEC SERVICES LTD,ENVOTEC SERVICES LTD,+255767605137,https://www.envotec.co.tz/,,"767 605137, +255767605137","LUICH STREET, DAR ES SALAAM, DAR ES SALAAM, TANZANIA"
FIKRANOVA COMPANY LTD,FIKRANOVA COMPANY LTD,,https://www.three.com/,,,FIKRANOVA COMPANY LTD Tanzania
Freedom Computers Limited,FREEDOM COMPUTERS LTD,+255686777501,https://www.freedomuhuru.com,,+255686777501,"7/20 UHURU STREET, DAR ES SALAAM, TANZANIA"
IBM East Africa Limited,IBM TANZANIA LTD,0,https://www.ibm.com/in-en,,"0, +254202834000","Amani Place, 7th Floor, DAR ES SALAAM, TANZANIA"
Infogear Technology Limited,Upanga Office,+255786753452,https://www.infogear.co.tz/,Sales@infogear.co.tz,+255786753452,"GIRL GUIDES BUILDING, 1ST FLR, PLOT NO 1088 OFFICE D-JD-113, KIBASILA ROAD, UPANGA, DAR ES SALAAM, TANZANIA"
INFOSEC T LTD,INFOSEC T LTD,+255673240533,https://www.infosec.co.tz,"info@infosec.co.tz, info@infosec.co.rw","+250793762753, +255673240533","PLOT NO 300, BLOCK J, OASIS VILLAGE, MBEZI BEACH B, DAR ES SALAAM, TANZANIA"
Infosys,INFOSYS IPS T LTD,+255222664221,https://www.infosys.co.tz,,"+255222664219, +255222664221","MWINDU LANE ST OFF KINONDONI RD, DAR ES SALAAM, TANZANIA"
INVENTIONS TECHNOLOGIES CO. LTD,INVENTIONS TECHNOLOGIES COMPANY LTD,+255222775873,https://www.it.co.tz,,"+255 22 277 5873, +255222775873","LUKULEDI STREET REGENT ESTATE 219, DAR ES SALAAM, TANZANIA"
ISON TECHNOLOGIES KENYA LTD,ISON TECHNOLOGIES TANZANIA LTD,+255789888114,https://www.isontechnologies.com/,,"+254732198000, +255789888114, 25641233700, 25173219800","FK HOUSE, 23 BARACK OBAMA DRIVE, DAR ES SALAAM, TANZANIA"
IVO SOLUTIONS LTD,IVO SOLUTIONS LIMITED,+255712001236,https://www.ivosolutions.co.tz/,,"+255712001236, +256200912182","ALFA PLAZA, 4TH FLOOR, OFFICE SUITE 401, ALI HASSAN MWINYI ROAD, DAR ES SALAAM, TANZANIA"
JEIS Industries Company LTD,JEIS INDUSTRIES COMPANY LTD,+255659505056,https://www.jeis.co.tz/,business@jeis.co.tz,"+255754711105, +255659505056","BOKO BEACH, DAR ES SSALAAM, DAR ES SSALAAM, TANZANIA"
KALAMU TECHNOLOGIES AND ENGINEERING COMPANY LTD,KALAMU TECHNOLOGIES AND ENGINEERING COMPANY LTD,+255764550300,https://kalamutech.co.tz,,+255764550300,"PO BOX 71431 DAR ES SALAAM, PWANI STREET, TEGETA - DAR ES SALAAM, DAR ES SALAAM, TANZANIA"
Konvergenz Network Solutions Ltd,konvergenz Network Solutions Limited,,https://konvergenz.co.ke/our-solutions/,,,konvergenz Network Solutions Limited Tanzania
MANTRA TECHNOLOGIES LTD,MANTRA TECHNOLOGIES LTD,,https://yahoo.uservoice.com/forums/193847-search,,"068876890002, +256 774245169, +256 393202011, 06887689",MANTRA TECHNOLOGIES LTD Tanzania
MATLUCKY COMPANY LTD,MATLUCKY COMPANY LTD,+255764813005,https://www.matlucky.co.tz,info@matlucky.co.tz,+255764813005,"JUED BUSINESS CENTRE , PLOT 486, 486 ROSE GARDEN RD, MIKOCHENI, DAR ES SALAAM, DAR ES SALAAM, TANZANIA"
MFI Document Solutions limited,MFI DOCUMENT SOLUTIONS LTD,00255784504623,https://www.groupmfi.com,,"+250788305012, +256414308000, +254203251777, 00255784504623, +251921307035","NKARUMA ROAD, DAR ES SALAAM, TANZANIA"
PALLADIUM TECH TANZANIA LTD,PALLADIUM TECH TANZANIA LTD,+255761441441,https://palladiumtech.co.tz/,info@palladiumtech.co.tz,+255761441441,"HOUSE NO 5, MARY CLOSE STREET JANGWANI AFRICANA, MBEZI BEACH DAR ES SALAAM, DAR ES SALAAM, TANZANIA"
PAONES GENERAL TRADING COMPANY LIMITED,PAONES GENERAL TRADING COMPANY LIMITED,+255694704527,https://www.paones.co.tz/cgi-sys/suspendedpage.cgi,,"+255694704527, +255766628854","SAMORA AVENUE, POSTA PO BOX 9651 DAR ES SALAAM, DAR ES SALAAM, TANZANIA"
PI 227 TANZANIA LTD,PI 227 TANZANIA LTD,+255658044544,https://www.pi227africa.com/,,+255658044544,"MISSION STREET, PSSSF TWIN TOWER, 5TH FLOOR WING B, DAR ES SALAAM, TANZANIA"
Satcom Networks Africa Ltd,SATCOM NETWORKS AFRICA LTD,+255786120005,http://www.satconet.co.tz,,"+255222860809, +255786120005","1st Floor, Five Star Complex, Plot No. 3, Lot No. 20, Nyerere Road, DAR ES SALAAM, TANZANIA"
Scotia Group Limited,SCOTIA GROUP LTD,+255764560848,https://thescotiagroup.com/,,+255764560848,"SCOTIA GROUP LIMITED, MSASANI PENISULA,, 429 MAHANDO ROAD, BLOCK D, POBOX 2477, DAR ES SALAAM, TANZANIA"
SEACOM LTD,SEACOM TANZANIA,+255 22 260 2827,https://seacom.com/,,"+254205133000, +255 22 260 2827, 764003495","TOURE DRIVE ROAD, CITI BANK BUILDING, PLOT NO 1962, 1ST FLOOR, OYSTERBAY, DAR ES SALAAM, TANZANIA"
SENSORTEC D-FENS SYSTEM LTD,SENSORTEC D-FENS SYSTEM LTD,748057364,https://sensortec.co.tz/,info@sensortec.co.tz,748057364,"RAHA TOWER BUILDING, BIBI TITI STREET, FLOOR NO 3, DAR ES SALAAM, TANZANIA"
SILENSEC LTD,SILENSEC LTD,+255222214100,https://silensec.com/,info@silensec.com,"+255222214100, +357 99 883356, (0) 20 8071814, +255 7955 34653, +260 7706 99737","MSASANI PENINSULA, 429 MAHANDO ROAD, BLOCK D, DAR ES SALAAM, TANZANIA"
SoftNet Technologies Limited,SOFTNET TECHNOLOGY,+255222515100,https://softnet.co.tz/,"info@softnet.co.ug, info@softnet.co.tz","255718444440, NA, +255 22 251 5100, +255222515100","144 MIGOMBANI STREET MIKOCHENI, DAR ES SALAAM, TANZANIA"
SYBYL LIMITED,Sybyl Limited,+255222196866,https://www.sybyl.com,,"+255222196866, +251116517314, +254719061500, 256782344394, 00000, +256414305400, +250788305180, +250788387055, +251111111585","ZO SPACES,SLIPWAY, MASAKI,YACHT CLUB ROAD,, DAR ES SALAAM, TANZANIA"
Tech Mahindra Limited,Tech Mahindra Limited,254782774031,https://www.techmahindra.com/,,"587933, 254782774031, +254782774031, 2348122872909","LAIBON- UTALII HOUSE, OYSTER BAY,, DAR ES SALAAM, TANZANIA"
Tech247 Ltd,247 TECH TANZANIA LIMITED,+255716942922,https://247.tech/,,"256760894464, 2001-2019, +254777224747, 0738692764, +255716942922","GEREZANI STREET, 7TH FLOOR, PSSSF TOWERS, SAMORA AVENUE, OPPOSITE RAILWAY STATION, DAR ES SALAAM, TANZANIA"
TECHNOLOGY ASSOCIATES EA LTD,TECHNOLOGY ASSOCIATES TANZANIA LIMITED,,https://www.techno-associates.com,,"+255756315959, +256414348741, +254203745273, +251935341044","SUITE NO 204 RAHA TOWERS , DAR ES SALAAM, TANZANIA"
Technology Associates Tanzania Ltd,TECHNOLOGY ASSOCIATES TANZANIA LTD,+255222212594,https://www.techno-associates.com,,+255222212594,"5TH FLOOR,AMANI PLACE,OHIO STREET,DAR ES SALAAM, DAR ES SALAAM, TANZANIA"
TECHNOMAK CONSULTING LTD,TECHNOMAK CONSULTING LTD,+255744966895,https://technomak.co.tz/,"support@technomak.co.tz, info@technomak.co.tz","+255744966895, +255763100705","PO BOX 35475, DAR ES SALAAM, TANZANIA"
TWENTY THIRD CENTURY SYSTEMS,TWENTY THIRD CENTURY SYSTEMS TZ,00255,https://ttcs.co.tz/,,00255,"ABSA HOUSE, OHIO STREET, DAR ES SALAAM, TANZANIA"
UBX TANZANIA LIMITED,UBX Tanzania Ltd,+255768984990,https://www.ubx.co.tz,"sales@ubx.co.tz, info@ubx.co.tz","2550768984, +255768984990, +250784950594","MIKOCHENI B, LUCY LAMECK STREET, PLOT 6, DAR ES SALAAM, TANZANIA"
