partner_name,site_name,site_phone,web_addr,address,search_extracted_emails,search_extracted_phones
ACSC,ACSC,+96822701000,https://www.acsc.com.om,"OFFICE NO4, GROUND FLOOR, OCEANA BUILDING, AL GHUBRA, MUSCAT, OMAN",,+96822701000
Al Afnan Computers,AL AFNAN COMPUTERS,+96824544397,https://www.alafnan.net,"PO BOX 578, AL KHOUD, OMAN",,+96824544397
Al Khalili United Enterprises,AL KHALILI UNITED ENTERPRISES,+96822035007,https://www.alkhalili.com/,"AL WADHI AL KABIR, MUSCAT, OMAN",,+96822035007
ALMOAYYED INTERNATIONAL LLC,ALMOAYYED INTERNATIONAL LLC,+96824727476,https://www.almoayyedintl.com/,"OFFICE 307 1ST FLOOR, AL MUTHANA SQUARE, PO BOX 1439, POSTAL CODE 131, WADI KABIR,, MUSCAT, OMAN",,+96824727476
ALNOWRAS IT SOLUTION SPC,ALNOWRAS IT SOLUTION LLC,+96897436155,https://www.alnowrasit.com/,"Office Number 116, Maktabi Building 1st Floor, Al Wattayah, Muscat, Oman, MUSCAT, OMAN",,+96897436155
Awasr Oman And Partners SAOC,AWASR OMAN AND PARTNERS SAOC,+96824166300,https://www.awasr.om/en/package/journey/ZVANH?promotionTerm=24,"KOM5,4TH FLOOR, MUSCAT, OMAN",,+96824166300
BADEM MIDDLE EAST LLC,BADEM MIDDLE EAST LLC,+96898912343,https://bademoman.com/,"OFFICE 1991, UNIT 714, AL GHUBRA ST, MUSCAT, OMAN",,+96898912343
BAHWAN IT LLC,BAHWAN IT LLC,+96824650336,https://www.bahwanit.com/,"NASRA AL LAMKI, AL RAWAQ BUILDING, 5TH FLOOR, AL-QURUM, MUSCAT, OMAN",,+96824650336
Black Box Technology SPC,Black Box Technology SPC,+96824699047,https://blackboxoman.com/,"AL MANAL BUILDING, OFFICE 607, MADINAT SULTAN QABOOS, MUSCAT, OMAN, MUSCAT, OMAN",,+96824699047
BLUTEK LLC,BLUTEK LLC,+96890173248,https://www.blutek.solutions,"PC 112, RUWI, SULTANATE OF OMAN, MUSCAT, OMAN",,+96890173248
BT UAE LTD DUBAI BRANCH,BT (International) Holdings Limited & Co. LLC,08001693031,https://www.bt.com,"1413, 14TH FLOOR AL FARDAN OFFICE TOWER, DOHA , QATAR, DOHA, QATAR",,08001693031
Business International Group LLC,BUSINESS INTERNATIONAL GROUP LLC,+96824399300,https://www.bigllcoman.com/,"DOHAT AL ARAB STREET,, PO BOX, 1268, 01ST BUILDING, ONEIC BUILDING, MUSCAT, OMAN",,+96824399300
CLOUD GULF TECHNOLOGY LLC,CLOUD GULF TECHNOLOGY LLC,+96894528778,https://www.imitservices.com/,"ADDRESS 2ND FLOOR, TAMIMAH BUILDING, MUSCAT, OMAN",,+96894528778
COMPUTER & POWER TECHNOLOGY L.L.C,OVERSEAS BUSINESS MACHINES,+96824170000,https://www.cptauh.ae,"KOM 4, Knowledge Oasis Muscat, KOM4, 6th Floor, Rusayl,   PC 133, P O Box 701, MUSCAT, OMAN",,+96824170000
COMPUTER NETWORK SYSTEMS,COMPUTER NETWORK SYSTEMS OMAN,+97142384400,https://cns-me.com/,"2ND FLOOR, MAKEEN BUILDING, AIRPORT ROAD, DUBAI, DUBAI, DUBAI, UNITED ARAB EMIRATES",,+97142384400
CORVIT NETWORKS,CORVIT NETWORKS Oman,+96892832601,https://ae.corvit.com/,"OFFICE # 03129, 1ST FLOOR, KOM3, KNOWLEDGE OASIS MUSCAT, PO BOX NO 45, MUSCAT, OMAN",,+96892832601
Data exploration technologies for IT systems and communication equipment's LLC.,Data exploration technologies for IT systems and communication equipment's LLC.,+96891151313,https://www.dxtechs.org,"APARTMENT NO 77, BUILDING NO 49, PLOT NO 972/1BLOCK NO 233, STREET NO 233 IN AL KHUWAIR JANUBIYYA, MUSCAT, OMAN",,+96891151313
Datamount SAOC,Datamount SAOC,96872667672,https://www.datamount.om/,"Plot 16, Moaskar Al Mortafa’s, Mawaleh, Al Bandar Investment Area, Al Seeb, OMAN",,96872667672
DECOIL SYSTEMS SPC,DECOIL SYSTEMS SPC,+96893667705,https://www.decoil.co/,"MUSCAT MADINAT AL IRFAN, MUSCAT, OMAN",,+96893667705
DIMENSION DATA MIDDLE EAST LLC,DIMENSION DATA OMAN,+97317518777,https://services.global.ntt/en-us/,"OFFICE 612, 6TH FLOOR, BUILDING 247,ROAD 1704, DIPLOMATIC AREA 317, MANAMA, BAHRAIN",,+97317518777
Diyar United trading and contracting company,Diyar United Trade & Con Co.,+97126333505,https://www.diyarme.com,"AL NAJDAA STREET AL MASOUD BLDG OF, ABU DHABI, ABU DHABI, UNITED ARAB EMIRATES",,+97126333505
Duqm Data Centre SAOC,Duqm Data Centre SAOC,+96894503050,https://data2cloud.om/,"THE SPECIAL ECONOMIC ZONE AT DUQM / AL-DUQM / AL WUSTA GOVERNORATE, MUSCAT, PANORAMA MALL, MUSCAT, OMAN",,+96894503050
EASY WORLD TRADING LLC,EASY WORLD TRADING LLC,+96824299170,https://www.eworldme.com/,"NO 511, 5TH FLOOR, BUSINESS CENTER BUILDING, DOHAT AL ADAB ST,, AL KHUWAIR, MUSCAT, OMAN",,+96824299170
eCity for IT Services,ECITY FOR IT SERVICES,+96822533950,http://ecityoman.com/,"PO 1208 PC 132, MUSCAT, MUSCAT, OMAN",,+96822533950
ERICSSON AB - DUBAI BRANCH,ERICSSON,+96522465465,https://www.ericsson.com,"JABER AL-MUBARAK STREET, BEHBEHANI COMPLEX-SHARQ, KUWAIT, KUWAIT",,+96522465465
Fireware LLC,FIREWARE LLC,+96824483200,https://fireware.com/,"PO BOX 252, AL KHUWAIR, OMAN",,+96824483200
Gerab System,GERAB NATIONAL ENTERPREISE LLC,null,https://www.gerabsys.com/,"RUWI, OFFICE NO 2B2- CORAL BUILDING, AL KHUWAIR, MUSCAT, OMAN , MUSCAT, OMAN",,null
GULF BUSINESS MACHINES,GULF BUINESS MACHINES OMAN CO LTD,+97317584333,https://www.gbmme.com/,"MS CENTER,5TH FLOOR BUILDING 22,, AVENUE 58, AL SEEF DISTRICT, 436, AL MANAMAH, BAHRAIN",,+97317584333
Honeywell.ME,HONEYWELL OMAN,+96522421327,https://www.honeywell.com/us/en,"P.O. BOX 20825, SAFAT, KUWAIT",,+96522421327
imtac llc,IMTAC LLC,+96824707727,https://www.imtac.com/,"Post Box 196, Salalah Building, Minal Al Fahal, Muscat, OMAN",,+96824707727
Indus Novateur Software LLC,Indus Novateur LLC,+96893216605,https://www.indusnovateur.com/,"503, AL NAWRAS COMMERCIAL CENTER,, MUSCAT, OMAN",,+96893216605
Infocomm Solutions LLC,INFOCOMM GROUP,+96824151029,https://www.i-grp.com/,"FACILITY BUILDING, LG FLOOR, KOM5, RUSYAL, MUSCAT, OMAN",,+96824151029
Intech LLC,Intech LLC,+96824495116,https://www.intech.om,"Muscat, Muscat, OMAN",,+96824495116
Integrated Systems L.L.C,Integrated Systems L.L.C,+96824603205,"https://Madinat Sultan Qaboos, Inshirah Street, Villa 327, P.O. Box: 1019 P.C. 131 Oman","Madinat Qaboos Al Inshirah St. Villa 327, P.O.Box 1019, PC 131, Muscat, OMAN",,+96824603205
INTERNATIONAL INFORMATION TECHNOLOGY CO. LLC,OHI INTERNATIONAL INFORMATION,+96824609497,https://iitcoman.com/,"87, OHI Telecom House, Dohat Al Adab Street, AlKhuwair, MUSCAT, OMAN",,+96824609497
INTERNATIONAL TURNKEY SYSTEMS,INTERNATIONAL TURNKEY SYSTEMS,+97317273280,https://its.ws/,"Kfh Bldg., Manama, BAHRAIN",,+97317273280
INTERTEC SYSTEMS L L C,INTERTEC SYSTEMS LLC,+97317228070,https://www.intertecsystems.com/,"707, Manama Center 1, Government Road,, MANAMA, Manama, BAHRAIN",,+97317228070
INTERTECH LLC,INTERTECH LLC,+96824692018,https://intertechoman.com/,"4TH FLOOR, BAIT ATEEN BUILDING, BUILDING #233, WAY #3341,, NEAR ZAKHER MALL, AL KHUWAIR, MUSCAT, SULTANATE OF OMAN, MUSCAT, OMAN",,+96824692018
KHIMJI RAMDAS LLC,KHIMJI RAMDAS LLC,+96822336815,https://ict.kr.om,"KR INFRA, GHALA, MUSCAT, OMAN",,+96822336815
Looppe Design & Technology,Looppe Design & Technology,+96892774810,https://www.looppe.com,"OFFICE 8, BUILDING 1439, SEEB 42, AL-MAABELA, OMAN",,+96892774810
Majees Technical Services,MAJEES TECHNICAL SERVICES LLC,+96824597226,https://www.majeestech.com/,"AL KHUWAIR BLDG 1135 AL AZAIBA AREA, PO BOX 1045, MUSCAT, OMAN",,+96824597226
MHD Infotech LLC,MHD INFOTECH LLC,0096821147700,https://www.mhdinfotech.com,"4TH FLOOR, ELITE OFFICES BUILDING, ALKHUWAIR, MUSCAT, OMAN",,0096821147700
Middle East Telecommunication company LLC,Middle East Telecommunication company LLC,+96891117724,https://metcotech.om/,"SULTANATE OMAN, 701,7TH FLOOR, MAJAN1 BULLDING, MUSCAT, OMAN",,+96891117724
MIDDLE EAST TELECOMMUNICATIONS CO. W.L.L.,Al Massila Technology Co. L.L.C.,+9651813300,https://www.metco.net,"Ardiya, Industrial Area, Block 2, Buidling 163, Ardiya, KUWAIT",,+9651813300
Mohsin Haider Darwish L.L.C,Mohsin Haider Darwish L.L.C,71557300,https://www.mhditics.com/technology-communications,"HAMRIYA, MUSCAT, OMAN",,71557300
Mustafa Sultan Office Technology Co. L.L.C.,MUSTAFA SULTAN OFFICE TECHNOLOGY COMPANY LLC,Mustafa Sultan Offic,https://www.mustafasultan.com/,"PO 3340, AL KUWAIR, OMAN",,Mustafa Sultan Offic
Nasma Telecommunication LLC,NASMA TELECOMMUNICATION LLC,+96822084800,https://www.nasmatel.com,"FFDHL A/C NO 969114677 MUSCAT SULTANATE OF OMAN, MUSCAT, OMAN",,+96822084800
NATIONAL TELEPHONE SERVICES COMPANY L L C,"REX ROAD, RUWI, MUSCAT",+96824867179,https://www.omzest.com/nts.htm,"MAZOON TRAVEL BUILDING,, PO 2786, RUWI, OMAN",,+96824867179
NCR ATLEOS,"Cardtronics, Inc. (Oman Branch)",+97317224233,https://www.ncratleos.com/,"CITICENTER BUILDING FLOOR 6, PO BOX 265, AL MANAMAH, BAHRAIN",,+97317224233
NETLINX,NETLINX,+96824835848,https://www.netlinxoman.com,"HAMRIYA, MUSCAT, OMAN",,+96824835848
NXS,NXS,+96824901133,https://www.nxs-me.com,"Digital Nexus LLC (NXS), 18th November St., North Al Azaiba, Sultanate of Oman, Muscat, OMAN",,+96824901133
OMAN COMPUTER SERVICES L L C,OCS INFOTECH,+96824471300,https://www.ocsinfotech.com/,"BUILDING NO. 945 WAY 4509 STREET, AL KHUWAIR BLOCK 245, MUTTRAH, OMAN",,+96824471300
Oman Data Park,KNOWLEDGE OASIS MUSCAT,+96824171128,https://omandatapark.om/,"KOM 4, KOM4, MUSKAT, OMAN",,+96824171128
OMAN FIBRE OPTIC COMPANY SAOG,OMAN FIBER OPTIC COMPANY SAOG,+96899880561,https://www.omanfiber.com,"ROAD NO, 4C RUSAYL INDUSTRIAL AREA, MUSCAT, OMAN",,+96899880561
Omantel,OMANTEL,+96824243424,https://www.omantel.om/en,"OMANTEL HQ, AL-MAWALEH, MUSCAT, OMAN",,+96824243424
OMNIX INTERNATIONAL,Omnix International LLC,+96824566911,https://omnix.com,"WADI ADI, MUTTRAH, MUSCAT, OMAN",,+96824566911
ORB COMMUNICATIONS NETWORK LLC,ORB COMMUNICATIONS NETWORK LLC,+96822055927,https://www.orbcom.net/,"PO BOX 1510, AZIABA, MUSCAT, OMAN",,+96822055927
Oregon Systems,OREGON SYSTEMS SPC,+973 17744905,https://www.oregon-systems.com/,"OREGONSYSTEMS, MANAMA, BAHRAIN",,+973 17744905
Oriental Oryx Intl LLC Aptus Infotech,ORIENTAL ORYX,+96824238998,https://www.aptusinfotech.com/,"PO BOX 47 JIBROO 114, MUSCAT, OMAN",,+96824238998
Page ME LLC,PAGE Middle East LLC,+96895508491,https://www.pagemiddleeast.com/,"Office 31, Building 21, Qurm, MUSCAT, OMAN",,+96895508491
Precedence Technologies LLC,Precedence Techologies,+97477033239,https://www.precedenceuae.com,"#104 Building 430, Retaj Commercial Building, Al Murra, DOHA, QATAR",,+97477033239
professional technology services Anzyma,PROFESSIONAL TECHNOLOGY SERVICES ANZYMA,+96824942600,https://www.anzyma.com/,"AL KHUWAIR, MUSCAT, SULTANATE OF OMAN, AL-KHUWAIR, OMAN",,+96824942600
ProVise Integrated Solutions LLC,PROVISE INTEGRATED SOLUTIONS LLC,+96824700953,https://provisev.com/,"OFFICE NO10, BUILDING NO 1304, WAY NO 2520, DARSIT, MUSCAT, SULTANATE OF OMAN, MUSCAT, OMAN",,+96824700953
RAKAIZ DEVELOPMENT PROJECTS SPC,RAKAIZ DEVELOPMENT PROJECTS SPC,+96897153999,https://flowit.om/,"POBOX 24 PC 105, BOUSHER STREET, MUSCAT, OMAN, MUSCAT, OMAN, MUSCAT, OMAN",,+96897153999
Salama Integrated Solutions LLC,SALAMA INTEGRATED SOLUTIONS LLC,+96824709753,https://www.sis.co.om/,"GOUBRAH, MUSCAT, OMAN",,+96824709753
Schneider Electric Systems Middle East FZE,SEMEA Electrical & Automation (Oman Branch),+96524741373,http://www.schneider-electric.ae/en/,"BUILDING NUMBER 1670, STREET NUMBER 7,, BLOCK NUMBER 1, AL RAI INDUSTRIAL AREA, , KUWAIT, KUWAIT",,+96524741373
Securado,SECURADO,+96894294280,https://www.securado.net,"KNOWLEDGE OASIS MUSCAT KOM, MUSCAT, OMAN",,+96894294280
Simpra Advanced Technology LLC,SIMPRA ADVANCED TECHNOLOGY LLC,+96824155888,https://www.simpra.om/,"KOM 4 RUSALY ZONE-1 107, PO BOX 12,PC 135, MUSCAT, OMAN",,+96824155888
Site Technology Ltd.,Site Technology LLC,+96822842333,https://www.site-technology.com/,"AL NOOR BUILDING,1ST FLOOR , OFFICE NO17, AL QURUM AREA , MUSCAT, OMAN",,+96822842333
SMART DIGITAL TECHNOLOGIES,SMART DIGITAL TECHNOLOGIES,+96822512776,https://smart-digitech.com/,"GHUBRAH, MUSCAT, MUSCAT, OMAN",,+96822512776
SPECTRUM TECHNICAL SERVICES,SPECTRUM TECHNICAL SERVICES,+96891922785,https://spectrumtech.om/,"AL AZAIBAH, PO BOX 2967, MUSCAT, OMAN",,+96891922785
Supreme System Distributors SPC,SUPREME SYSTEM DISTRIBUTORS SPC,+96824788310,https://sysllc.com/om/,"RUWI PLAZA, SHOP NO 105,106 OPPOSITE DOFAR BUILDING,, RUWI, OMAN",,+96824788310
Syscom Distributions LLC,Supreme System Distributors SPC,+96824781836,http://www.sysllc.com/,"AL SHUMOOR BUILDING 6TH FLOOR OFFICE, 62 OPP CHAMBER OF COMMERCE, MUSCAT, OMAN",,+96824781836
Target Development Company,Target Development Company,+96899254444,https://WWW.TDCOMAN.CO,"OFFICE NO: 01-6 - 1ST-floor Al-Seddah Furniture building, Al Rubat Street, Salalah - Sultanate of Oman, SALALAH, OMAN",,+96899254444
Tech Cloud Solutions LLC,TECH CLOUD SOLUTIONS LLC,+96898235616,https://manchigroup.com/,"FLAT NO 702, BUILDING NO 2112, WAY NO 5026, GHALA, NEAR CENTARA HOTEL, MUSCAT, OMAN",,+96898235616
Tech IT Support Advanced & Services LLC,TECH IT SUPPORT ADVANCED & SERVICES LLC,+96822312530,https://tech-itsupport.com/,"MUSCAT GRAND MALL, AL TAKWEEN BUSINESS CENTER,5TH FLOOR, BUILDING NO -4, AL-KHUWAIR, OMAN",,+96822312530
Tech Mahindra Limited,TECH MAHINDRA LTD,+97450532917,https://www.techmahindra.com/,"PAM TOWER, DOHA, QATAR",,+97450532917
TEKDEL COMPUTERS TRADING LLC,Global Technology Solutions LLC,+96824782252,https://www.tekdeliver.com/,"CBD, MUSCAT, OMAN",,+96824782252
THE OVERALL REAL VISION LLC,THE OVERALL REAL VISION LLC,+96824298257,https://www.torv.net/,"PC-112 AL KHUWAIR, MUSCAT, SULTANATE OF OMAN, MUSCAT, OMAN",,+96824298257
THREEDOTS TECHNOLOGY LLC,THREEDOTS TECHNOLOGY LLC,+96824290577,https://www.3dotstech.com,"AL MAHA STREET, AL KHUWAIR, MUSCAT, OMAN",,+96824290577
Urich Computer LLC,URICH COMPUTER SYSTEMS Co LLC,+96824700365,https://www.urichco.com/,"PO BOX 413, MUSCAT, OMAN",,+96824700365
VANGUARD TECH SERVICES LLC,VANGUARD TECH SERVICES LLC,+96894967804,https://vanguard-techservices.com/,"#14, BUILDING NO 233, WAY NO 281, PLOT NO 848, AL KHUWAIR, MUSCAT, SULTANATE OF OMAN, MUSCAT, OMAN",,+96894967804
Wipro UAE,WIPRO GULF LLC,,https://www.wipro.com/,"FLAT/SHOP NO 510, BUILDING 2795, ROAD/STREET 2835, AL SEEF, BLOCK 428, AL MANAMAH, BAHRAIN",,
ZAIN SOLUTIONS,ZAIN SOLUTIONS,+96898271338,https://www.zainom.com/,"AL KHAWD / AL SEEB / MUSCAT GOVERNORATE, AL-SEEB, OMAN",,+96898271338
ZAK Solutions for Computer Systems,ZAK SOLUTION FOR COMPUTER SYSTEMS LLC,+97333828501,https://www.zaksolutions.com/,"PO BOX 21348 ,MANAMA, VILLA 1962, ROAD 4155, BLOCK 341 , JUFFAIR, BAHRAIN",,+97333828501
