partner_name,site_name,site_phone,web_addr,address
13th Avril Co. Ltd,13TH AVRIL COMPANY LTD,+2348023696803,https://www.13thavrilcoltd.com,"10b Seriki Abass Street, off International Airport Rd, Osolo Way, Lagos, Nigeria., LAGOS, NIGERIA"
ALLIED COMPUTERS LIMITED,ALLIED COMPUTERS,+23412809774,,"227 IKORODU ROAD, ILUPEJU, NIGERIA"
APOTICA,APOTICA,233544315710,https://www.apotica.net,"IKOTA SHOPPING COMPLEX, VGC, LEKKI EXPRESSWAY, AJAH, IBEJU-LEKKI , LEKKI, NIGERIA"
ARIES SYSTEMCOM TECH ENG LTD,ARIES SYSTEMCOM TECH ENGINEERING LTD,+2348029070000,https://www.ariesng.com,"IKORODU ROAD 348, OJOTA, LAGOS, NIGERIA"
ARIT OF AFRICA LIMITED,ARIT OF AFRICA LTD,+23417742340,https://www.aritofafrica.com,"MURTALA MOHAMMED WAY 354, LAGOS, NIGERIA"
ARRAVO GLOBAL SERVICES LIMITED,ARRAVO GLOBAL SERVICES LIMITED,+23414489060,,"33, OYINKAN ABAYOMI DRIVE, IKOYI, NIGERIA"
ARVINET BUSINESS SOLUTION,ARVINET BUSINESS SOLUTION,2342012900140,https://www.arvinets.com,"SUITE B8 MOREMART COMPLEX, 62 JAGUNMOLU STREET, GBAGADA LAGOS, LAGOS, NIGERIA"
AS TECHNOLOGIES LTD,AS TECHNOLOGIES LTD,+2348023258027,https://www.as-technologies.com,"NO 11 OBE STREET KONGI BODIJA, IBADAN, NIGERIA"
ATB Techsoft Solutions Limited,ATB TECHSOFT SOLUTIONS LTD,+2347002255282,https://www.atbtechsoft.com,"DELE ONABULE STREET MAGODO BROOKS ESTATE MAGODO 17, IKEJA, NIGERIA"
ATORJ TECHNOLOGY LTD,ATORJ TECHNOLOGY LTD,+23414538525,https://www.atorjtechnology.com,"OLAJIRE HOUSE 3 ILUPEJU BYE PASS, LAGOS, NIGERIA"
AUTOSKADATECHNOLOGIES LTD,AUTOSKADATECHNOLOGIES LTD,+2348033361389,https://www.autoskada.com,"10 AZUABIE ROAD, OPP GTC OFF TRANS AMADI INDUSTRIAL AREA, PORT HARCOURT, RIVERS STATE, NIGERIA, 7G ANJOUS DRIVE, LEKKI, PORT HARCOURT, NIGERIA"
BARIUM TECHNOLOGY LTD,BARIUM TECHNOLOGY LTD,+2348022951529,https://www.bariumtech.com,"PLOT 2 BLOCK 19A JERRY IRIABE STREET, LEKKI PHASE 1, LAGOS, NIGERIA"
BETATECH CONSULTS LTD,BETATECH CONSULTS LTD,+2348020375099,https://www.betatechng.com,"36 ADEBOLA STREET, OFF ADENIRAN OGUNSANYA STREET, SURULERE, 36, LAGOS, NIGERIA"
BHARTI AIRTEL LIMITED,AIRTEL NIGERIA LTD,+2348022220267,https://www.airtel.com.ng,"PLOT L2 BANANA ISLAND, FORESHORE ESTATE IKOYI, LAGOS, NIGERIA"
Bitscape Technology Services Limited,BITSCAPE TECHNOLOGY SERVICES LTD,+2348027696740,https://www.bitscapetech.com,"PLOT 16A, GEORGE OMONUBI STREET, LAGOS, NIGERIA"
BLUDIVE TECHNOLOGIES LTD,BLUDIVE TECHNOLOGIES LTD,+23416323783,https://bludive.net,"1ST FLOOR, GARNET BUILDING, KM 14, LEKKI - EPE EXPRESSWAY,, IGBO - EFON, LEKKI, NIGERIA"
Bluechip Technologies LTD.,BLUECHIP TECHNOLOGIES LTD,+23414549539,https://bluechiptech.biz/about/,"9B ONIKOYI LANE, PARKVIEW ESTATE, IKOYI, NIGERIA"
Blueprint business Technology,BBT LTD,+23414633133,https://www.blueprintnet.com,"RIBADU ROAD OFF AWOLOWO ROAD IKOYI 2, IKOYI LAGOS, NIGERIA"
BNG Technologies Limited,BNG Technologies Limited,+2347045430404,https://www.bngtechnologies.com,"11b Fatai Arobieke Street, Off Admiralty Way,, Lagos, NIGERIA"
BRAIN TASK NIGERIA LTD,BRAIN TASK NIGERIA LTD,+2348143490431,https://www.braintask.com.ng,"13 ABIGI CLOSE, AKIODE OJODU, IKEJA, NIGERIA"
BT(Nigeria) Limited,BT NIGERIA LTD,+2348033036887,https://www.bt.com,"ADOL HOUSE, IPM AVENUE CENTRAL BUSINESS DISTRICT ALAUSA IKEJA 15, LAGOS, NIGERIA"
CAESARVISIONS LTD,CAESARVISIONS LTD,+2348095982067,https://caesarvisions.com/,"PLOT 155, HILSTONE ESTATE NNPC COOPERSTIVE ESTATE,, LIFECAMP ABUJA, ABUJA, NIGERIA"
CASS IMPERIAL MERCHANT NIG LTD,CASS IMPERIAL MERCHANT NIG LTD,+2347060571230,https://www.mordytech.com,"1 ADEKUNLE OWOBIYI CLOSE, OFF OLADELE KADIRI CLOSE, IKEJA, NIGERIA"
Castlenet Consulting Limited,CASTLENET CONSULTING LTD,+23416310967,https://www.castlenetconsults.com,"PLOT 19 BLOCK 16 CHIEF ALBERT IYORAH STREET, LEKKI PHASE 1, NIGERIA"
CECURE INTELLIGENCE LTD,CECURE INTELLIGENCE LTD,+2348165673533,https://cecureintel.com,"6, ESUGBAYI STREET, IKEJA GRA, LAGOS, NIGERIA"
CLASTEL NIGERIA LTD,CLASTEL NIGERIA LTD,+2347088572515,https://www.clastel.com,"10 OLUBUNMI OWA STREET, LEKKI PHASE 1, LEKKI, LAGOS, NIGERIA"
COHAESIO,COHAESIO,+2348032377429,https://www.cohaesio.co,"20 BOSUN ADEKOYA STREET, LAGOS, NIGERIA"
COLS PLACE LTD,COLS PLACE LTD,+2349061600003,https://www.cols-place.com,"14B OBAFEMI AWOLOWO WAY, IKEJA, NIGERIA"
COMMSPEC NETWORKS AND INFRASTRUCTURE LTD,COMMSPEC NETWORKS AND INFRASTRUCTURE LTD,+2348057747774,https://www.commspecng.com,"70 AJEGUNLE STREET, OFF MATINA ROAD, IKEJA, NIGERIA"
Computer Information Systems (CIS),Computer Information Systems (CIS),+23414605538,https://www.groupcis.com,"PLOT 1062 ABAGBON CLOSE, VICTORIA ISLAND, LAGOS, NIGERIA"
COMROES OMEGA NIG LTD,COMROES OMEGA NIG LTD,+2348026308877,https://comroesomega.com,"BLOCK 52, PLOT 6 OMORINRE JOHNSON STREET, LEKKI PHASE ONE, LEKKI, LAGOS, NIGERIA"
Converge Group,CONVERGE GLOBAL CONCEPT TECHNOLOGIES,+23413425910,https://www.convergroup.com,"Mainstreet Bank Group House, Admiralty Way, Lekki Phase One, LAGOS, NIGERIA"
Covalence Limited,COVALENCE LTD,+2348129922901,https://www.covalenceltd.com,"KUDANG STREET PLOT 173, ABUJA, NIGERIA"
CPAAT CONSULTING LTD,CPAAT CONSULTING LTD,+2348082432888,,"5 KWAJI CLOSE, OFF AGUNYI IRONSI STREET, ABUJA, NIGERIA"
Creastech Limited,Creastech Limited,+2347084755837,https://creastech.com/,"2 ORA EKPEN CRESCENT, GBAGADA ROUNDABOUT, LAGOS, NIGERIA"
CWG PLC LAGOS,CWG PLC,+23412809800,https://cwg-plc.com/,"HEAD OFFICE Block 54A, Plot 10, Off Rufus Giwa Street, Off Adebayo Doherty Road, Off Admiralty Way, Lekki Phase 1,, LAGOS, NIGERIA"
CYBERDOME NIGERIA LTD,CYBERDOME NIGERIA LTD,+2347040100001,https://cyberdome.net/,"NO 3 BOBO CLOSE, MAITAMA, ABUJA, ABUJA, NIGERIA"
Cyberspace Network Limited,CYBERSPACE NETWORK LTD,+23415150100,https://www.cyberspace.net.ng,"33 SAKA TINUBU STREET, VICTORIA ISLAND, LAGOS, NIGERIA"
Dataflex Nigeria Limited,DATAFLEX NIGERIA LIMITED,234127133407,https://www.dataflexng.com,"PLOT 227B MURI OKUNOLA STREET, OFF AJOSE ADEOGUN STREET, LAGOS, NIGERIA"
DAVENOP TECHNOLOGIES,DAVENOP TECHNOLOGIES,9139390737,https://www.davenoptechnologies.com,"2 OLU THOMAS SHAGISHA, CMD ROAD LAGOS, LAGOS, NIGERIA"
DE GLAMGALLERY TECHNOLOGIES LTD,DE GLAMGALLERY TECHNOLOGIES LTD,7077958749,https://www.deglamgallerytech.com,"43B EMINA CRESCENT OFF TOYIN STREET, IKEJA, NIGERIA"
DEXTERPRO TECHNOLOGY LTD,DEXTERPRO TECHNOLOGY LTD,+2348165353645,https://www.dexterprotechnology.com,"36B JAY JAY OLADIMEJI ST, IKATE, LEKKI, NIGERIA"
DIGITAL COMMUNICATIONS KONSULT NIGERIA LIMITED,Digital Communications Konsult Nigeria Limited,+2348033002348,https://www.dckng.com,"33, Akerele Street, Surulere, NIGERIA"
Dimension Data Nigeria Ltd,DIMENSION DATA NIGERIA LTD,2342012709901,https://WWW.DIMENSIONDATA.COM,"3B, LIGALI AYORINDE STREET,, VICTORIA ISLAND , LAGOS, NIGERIA"
DNIL,Lagos HQ,+2348076406518,https://www.dnilsolutions.com,"15B OGIDI CRESCENT OFF CHRIST AVENUE, OFF ADMIRALTY ROAD, LEKKI PHASE 1, LAGOS, NIGERIA"
Edgebase Technologies Ltd.,Edgebase Technologies Ltd.,+2348029999871,https://www.edgebasetech.com,"16 SULE ABUKA STREET, OFF OPEBI ROAD, BESIDE GTB, IKEJA, NIGERIA"
Edgenet Consulting Limited,EDGENET CONSULTING LTD,+2348085771225,https://www.edgenetgroup.com,"51 OGUNDANA STREET ALLEN, IKEJA, NIGERIA"
Emerald Galaxy technology hub Limited,EMERALD GALAXY TECHNOLOGY HUB LTD,+2348179440627,https://www.emeraldgalaxytechnology.com,"NO 1,AJIUN AMDALAT OGUDU ORI OKE, LAGOS, NIGERIA"
EMOCOM TECHNOLOGIES AND CONSULTING LIMITED,EMOCOM TECHNOLOGIES AND CONSULTING LIMITED.,+2347034447660,https://www.emocomgroup.com,"A83A ROAD 2 CARLTON GATE ESTATE, CHEVRON DRIVE-LEKKI LAGOS, ETI-OSA, LGA, LAGOS, NIGERIA"
Enov8 Solutions Limited,ENOV8 SOLUTIONS LTD,+2348179757496,,"5A AWUDU EKPEGHA BOULEVARD, OFF ADMIRALTY WAY, LEKKI LAGOS, NIGERIA"
EPIC DIGITAL SOLUTIONS,EPIC DIGITAL SOLUTIONS,+2348098644389,,"67 PRINCE KAZEEM ELETU WAY, OSAPA LONDON, LEKKI, NIGERIA"
eProcess Consulting,eProcess Consulting,+2348034261730,https://www.eprocessconsulting.com,"3B DOTUN JOLAOSO CLOSE, OFF ADEBOYE SHOLANKE STREET, LAGOS, NIGERIA"
EQUINIX DATACENTER NIGERIA LTD,EQUINIX DATACENTER NIGERIA LTD,+2347006246663,https://www.equinix.com,"13 LIGALI AYORINDE, LAGOS, NIGERIA"
ETHNOS CYBER LTD,ETHNOS CYBER LTD,+2348038447285,https://www.ethnoscyber.com,"207A MURI OKUNOLA STREET, LAGOS, NIGERIA"
Fastspeed Business Solutions Limited,FASTSPEED BUSINESS SOLUTION LTD,09010010539,https://www.fastspeedsolutions.com,"143 OJUELEGBA ROAD BY KARIMU STREET SURULERE, LAGOS, NIGERIA"
FIVE TALENT TECHNOLOGY LTD,FIVE TALENT TECHNOLOGY LTD,8146436610,https://fivetalenttech.com,"4, OLA STREET,, OKEIRA OGBA, OGBA, NIGERIA"
Focus Group Limited,Focus Group Limited,+2349034922433,https://www.focusgroupng.net,"BLOCK 75 PLOT15, ICHIE MIKE EJEZIE,OFF FOLA OSIBO, LEKKI, NIGERIA"
FORESIGHT INNOVATIVE SOLUTIONS LTD,FORESIGHT INNOVATIVE SOLUTIONS LTD,+2349023331188,https://www.foresightis.com,"14A ADEWALE KOLAWOLE CRESCENT, LEKKI PHASE 1, LAGOS, LAGOS IGBIDE, NIGERIA"
Fortis Fortuna Technology Ltd,FORTIS FORTUNA TECHNOLOGY LTD,+2347030241091,https://www.fft.ng,"14, ORE CLOSE OFF BABATUNDE STREET, OFF OGUNLANA STREET, SURULERE, LAGOS, NIGERIA"
GEL SYNERGY SOLUTIONS LTD,GEL SYNERGY SOLUTIONS LTD,+2348037328066,https://www.gelsynergysolutions.com,"4TH FLOOR SUITE 14A CITY PLAZA DAS CLOSE OFF RUKUBA STREET, AREA 11 GARKI, ABUJA, NIGERIA"
GLOBAL CONCEPT EMERGE TECHNOLOGIES LTD,GLOBAL CONCEPT EMERGE TECHNOLOGIES LTD,+23412719173,https://www.gcetng.com,"5TH FLOOR, MULLINER TOWERS, 39 ALFRED REWANE ROAD, IKOYI, NIGERIA"
GOOD TO GREAT TECHNOLOGIES LTD,GOOD TO GREAT TECHNOLOGIES LTD,+2348128885609,,"A3 A2 STREET NICON TOWN ESTATE, LEKKI, NIGERIA"
Greanspace Technologies Limited,GREANSPACE TECHNOLOGIES LTD,+2348078325985,https://www.gspacetechnologies.com,"COOPLAG GARDENS, LAGOS, NIGERIA"
Ha-Shem Network Services,HA-SHEM LIMITED,+23414546937,,"9 IBIKUNLE STREET, OFF UNIVERSITY ROAD/HERBERT MACAULAY WAY, LAGOS, NIGERIA"
Hafol Resources Limited,HAFOL RESOURCES LTD,+2348099925087,https://hafolresources.com,"OWORONSHOKI EXP WAY, OGUNTONA CRESCENT GBAGADA PHASE I 9, GBAGADA, NIGERIA"
HDIT INTEGRATED SYSTEMS LIMITED,HDIT INTEGRATED SYSTEMS LTD,+2348100577197,https://www.hditsystemsltd.com,"33, SAJI AYANGADE STREET, ANTHONY VILLAGE, LAGOS, NIGERIA"
HEIRS TECHNOLOGIES LIMITED,HEIRS TECHNOLOGIES LIMITED,+23418889719,https://heirstechnologies.framer.website/,"1, MACGREGOR ROAD, LAGOS, NIGERIA"
HONEYWELL IDS,AUTOMATION AND CONTROL SOLUTIONS LTD,002349138850000,https://www.honeywell.com,"UNIT 334A AND 334B REGUS MULLINER TOWERS, 39 ALFRED REWANE ROAD, IKOYI,, LAGOS, NIGERIA"
HUTCHLAM SERVICES LTD,HUTCHLAM SERVICES,+2347063398744,https://www.hutchlamservices.com,"33, KOFO ABAYOMI STREET, VICTORIA ISLAND, LAGOS, NIGERIA"
IBM West Africa Limited,IBM West Africa Limited,0,https://www.ibm.com/,"Africa Re Building - 7th Floor, Plot 1679, Karimu Kotun Street, LAGOS, NIGERIA"
ICECUBE TECHNOLOGIES LTD,ICECUBE TECHNOLOGIES LTD,+2348036966079,https://www.icecubetech.com,"5 AGBOOLA AINA STREET, OFF TOYIN STREET, IKEJA, NIGERIA"
Incognito Algorithms Ltd,INCOGNITO ALGORITHMS LTD,+23414602496,,"28 EMINA CRESCENT OFF TOYIN STREET, LAGOS, NIGERIA"
Infinite Gold LTD,INFINITE GOLD LTD,+2349086803779,https://www.infinite-gold.com,"235, IGBOSERE RD LAGOS ISLAND, LAGOS, LAGOS, NIGERIA"
INFINITY GLOBAL TECHNOLOGY,INFINITY GLOBAL TECHNOLOGY,+2348126506619,https://www.infinityglobaltechng.com,"BLOCK 10, LENNOX MALL, 2&3 ADMIRALTY WAY, LEKKI PHASE 1, LAGOS, NIGERIA, LEKKI, NIGERIA"
INTELSOFT TECHNOLOGY PARTNERS LTD,INTELSOFT TECHNOLOGY PARTNERS LTD,+2348166202044,https://www.intelsoftgroup.com,"4 TAIWO ISHOLA STREET, LEKKI PHASE 1 LAGOS, 6B, ADENIYI JONES AVENUE, IKEJA LAGOS NIGERIA, LAGOS, NIGERIA"
Interswitch Limited,Interswitch Limited,+2341683888,,"1648c Oko-Awo Street, Victoria Island, Lagos, NIGERIA"
IT HORIZONS LTD,IT HORIZONS LTD,+2348189039359,,"9B AKIN OGUNMADE DAVIES CLOSE, GBAGADA PHASE 2, LAGOS, NIGERIA"
ITStack Limited,ITSTACK LTD,+2348035523708,https://itstacklimited.com,"7TH FLOOR, MULLINER TOWERS,, 39, ALFRED REWANE ROAD,, LAGOS, NIGERIA"
ITUNE INTERNATIONAL TECHNOLOGY,ITUNE INTERNATIONAL TECHNOLOGY,+2347063992117,https://www.ituneintl.com.ng,"MURTALA MUHAMMED HIGHWAY, SUITE 11, VENETIAN MALL, CALABAR, NIGERIA"
JEME TECHNOLOGIES NIGERIA LTD,JEME TECHNOLOGIES NIGERIA LTD,+2348023082762,https://jemetechnologies.com/,"1 LAKOTA STREET, WUSE ZONE 2, ABUJA, NIGERIA"
JETLINK LIMITED,JETLINK LTD,234808586357,https://www.jetlinkng.com,"PLOT 115 BLOCK 18 T.F. KUBOYE STREET, Lekki Peninsula Scheme 1, LEKKI, NIGERIA"
Jevi Austin International Company Limited,JEVI AUSTIN INT'L COMPANY LTD,+2348157137861,,"NO 9 MARKET ROAD RUMUOMASI, PORT HARCOURT, NIGERIA"
Jumken International Ltd,JUMKEN INTERNATIONAL LTD,+2348082315570,https://www.jumkenltd.com,"SUITE 04 UM PLAZA, DURUMI DISTRICT 1, AREA 1,, ABUJA, NIGERIA"
Kyma Wave Solutions Ltd,Kyma Wave Solutions Ltd,+2348053879787,,"7 Olabisi Osho st,, Soluyi, Gbagada, Gbagada, NIGERIA"
LAYER3 LTD,LAYER 3,+2347000529373,https://www.layer3.com.ng,"5th Floor, IGI House, 3 Gwani Street, Zone 4, Wuse, 3 Gwani Crescent, Off IBB Way, Abuja, NIGERIA"
LIMITLESS TECHNOLOGIES,LIMITLESS TECHNOLOGIES,+2348037602610,https://www.limitlesstechng.com,"7TH FLOOR, MULINER TOWERS, 39 ALFRED REWANE WAY, IKOYI, LAGOS, NIGERIA"
LIQUID INTELLIGENT TECHNOLOGIES,LIQUID INTELLIGENT TECHNOLOGIES,+2348083045665,https://www.liquid.tech,"6TH FLOOR, LANDMARK TOWER, ONIRU, LEKKI, LAGOS, LEKKI, NIGERIA"
LUMENAVE INTERNATIONAL LIMITED,LUMENAVE INTERNATIONAL LTD,+23412706358,http://www.lumenave.com,"BENDEL CLOSE OFF BISHOP ABOYADE COLE STREET 6B, VICTORIA ISLAND,LAGOS STATE, NIGERIA"
M Technology Solutions Ltd,M-TECH SOLUTIONS,+2348033130640,https://www.mtechng.com,"18A OLU HALLOWAY STREET FORMERLY TEMPLE RD, IKOYI, LAGOS, NIGERIA"
Mainone Cable Company,MAINONE CABLE COMPANY,+23413422000,https://www.mainone.net,"FABAC CENTER, 3B LIGALI AYORINDE ST, VICTORIA ISLAND, NIGERIA"
Malton Technologies Limited,MALTON TECHNOLOGIES LTD,+2349096558417,https://www.maltontech.com,"99 OPEBI ROAD, VALLEY VIEW PLAZA, IKEJA, NIGERIA"
MANIFOLD COMPUTERS LIMITED,MANIFOLD COMPUTERS LTD,+23412120313,https://www.manifoldcomputers.com,"22 AWOYEMI CLOSE OGUNLANA DRIVE, OFF OYEKAN ROAD, SURULERE, NIGERIA"
Meed Networks,MEED NETWORKS,+23492918976,https://www.meednetworks.com,"NO 34 BURUNDI STREET OFF DAMBIA STREET, WUSE ZONE 5, ABUJA, NIGERIA"
MicroAccess Ltd,MICROACCESS LTD,+23494602000,https://www.microaccess.com,"7 DURBAN STREET, OFF ADETOKUNBO ADEMOLA CRESCENT WUSE II, ABUJA, NIGERIA"
Microforce Nigeria Limited,MICROFORCE NIGERIA LTD,+2348036966079,https://www.microforce.xyz,"PLOT D95 LANDBRIDGE AVENUE, ONIRU, VICTORIA ISLAND, LAGOS, NIGERIA"
Modern Logistics Services Limited,Modern Logistics Services Limited,+2347063778524,https://www.modernlogistics.com.ng,"22 KING GEORGE V ROAD, 1ST FLOOR, ONIKAN, NIGERIA"
Multicore Limited,MULTICORE LTD,+2348036300582,https://www.multicoreltd.com,"57, ADEBAYO MOKUOLU STREET, ANTHONY, LAGOS, LAGOS, NIGERIA"
Multitek Data Systems Limited,Multitek Data Systems Limited,+2348032034053,https://www.multitekgroup.com,"4C Nzimiro Road, Old GRA, Port Harcourt, NIGERIA"
NAPET Telecommunication Limited,NAPET TELECOMMUNICATIONS LTD,+2348067324162,https://napet.nnpcgroup.com,"1ST FLOOR, MUKHTAR EL-YAKUB PLACE,, CENTRAL BUSINESS DISTRICT,, ABUJA, NIGERIA"
NEC West Africa Limited,NEC WEST AFRICA LTD - NIGERIA,+2349062834949,https://www.nec.xon.co.za,"31 VONO ROAD, ILUPEJU/MUSHIN, LAGOS, NIGERIA"
Negotium Processus Integration Technologies Limited,Negotium Processus Integration Technologies Limited,+2348056144067,https://www.npitl.com,"2ND FLOOR, PROVIDENCE HOUSE, LEKKI PHASE 1, LEKKI, NIGERIA"
NETCAT TECHNOLOGY SOLUTIONS LTD,NETCAT TECHNOLOGY SOLUTIONS LTD,+2348037076714,https://netcatsolutions.ng,"5 ADEPELE ST IKEJA, LAGOS 100271, NG, LAGOS, NIGERIA"
NETCOM AFRICA LTD,NETCOM AFRICA LTD,+23412718888,https://www.netcomafrica.com,"FLOOR SAPETRO BUILDING NO 1 ADEOLA ODEKU STREET 6TH, VICTORIA ISLAND, NIGERIA"
Netexcel Systems & Technologies Limited,NETEXCEL SYSTEMS & TECHNOLOGIES LTD,+2348144848271,https://www.netexcel.net,"5B AFOLABI AINA STREET, OFF ALLEN AVENUE IKEJA, IKEJA, NIGERIA"
NOEVATA SOLUTIONS,NOEVATA SOLUTIONS,+2347011858503,https://www.noevata.com,"11C, ATLANTIC BOULEVARD, OCEAN BAY ESTATE,, LEKKI, LAFIAJI, LAGOS, NIGERIA"
OT UNIVERSAL SOLUTIONS,OT UNIVERSAL SOLUTIONS,+2348033688540,https://otuniversalsolutions.com,"AMOKE SHODERU STREET, IKORODU, LAGOS, 26, IKORODU, NIGERIA"
OURANOS TECHNOLOGIES LIMITED,OURANOS TECHNOLOGIES LTD,+2347035476314,https://www.ouranos.com.ng,"19B COMMUNITY ROAD, OFF ALLEN AVENUE, LAGOS, NIGERIA"
PETRICOR DIGITAL TECHNOLOGIES LIMITED,PETRICOR DIGITAL TECHNOLOGIES LIMITED,+2348098011652,https://www.petricorng.com,"PLOT 18A, AKINOLA COLE CRESCENT ESTATE, OFF ADENIYI JONES STREET, IKEJA, NIGERIA"
PHILIPS PROJECTS CENTRE LTD,PHILIPS PROJECTS CENTRE,+2342620811,https://www.ppcng.com,"8 Kofo Abayomi Street,, Victoria Island,, Lagos, NIGERIA"
Platview Technologies Limited,PLATVIEW TECHNOLOGIES LTD,+23414546044,https://platview.com,"5A, ADEKUNLE FAJUYI CRESCENT, IKEJA, NIGERIA"
PRECIOUSGATE TECHNOLOGIES LIMITED,PRECIOUSGATE TECHNOLOGIES LTD,+2349088951905,https://www.preciousgatetech.com,"7B JOHN ADOLLO STREET (JULI ESTATE), OREGUN IKEJA LAGOS, OREGUN-IKEJA, IKEJA, NIGERIA"
PROLATO TECHNOLOGIES LTD,PROLATO TECHNOLOGIES LTD,+2348106080045,https://www.prolatotech.com,"BLOCK Y PLOT 1 MEGAMOUND ESTATE LEKKI COUNTY HOMES IKOTA, AJAH, LAGOS, LEKKI, NIGERIA"
Quomodo Systems Limited,QUOMODO SYSTEMS LTD,+2348068856600,https://www.quomodosystems.com,"3RD FLOOR, NAISUBA BUILDING, OFF NEXT CASH AND CARRY EXPRESS, BEFORE ALIBAT FURNITURE, ABUJA, ABUJA, NIGERIA"
RADIAL CIRCLE TELECOMS LTD,RADIAL CIRCLE TELECOMS LTD,+2348035050955,https://www.radialcircle.com,"BALARABE MUSE CRESCENT OFF SAMUE 56, LAGOS, NIGERIA"
REHOBOTH SYSTEMS LTD,REHOBOTH SYSTEMS LTD,+2348022256518,https://resypl.com,"21 SHASAH ROAD, SHASHA LAGOS NIGERIA, LAGOS IGBIDE, NIGERIA"
Reliance Infosystems,RELIANCE INFOSYSTEMS,+23416282729,https://www.reliance.systems,"OMORENRE JOHNSON 1B, LEKKI PHASE 1, NIGERIA"
RESOURCERY PLC,RESOURCERY PLC,+2348109928230,https://www.resourcery.com,"17/19 IDOWU TAYLOR STREET, LAGOS, NIGERIA"
RIFF TECHNOLOGIES LIMITED,RIFF TECHNOLOGIES LTD,+2348064753298,https://www.rifftech.com.ng,"LAGOS, WESTWOOD ESTATE BADORE AJAH 7, AJAH LEKKI, NIGERIA"
Rook Technologies LTD,ROOK TECHNOLOGIES LTD,+2348034050908,,"112 FUNSHO WILLIAMS,SURULERE, LAGOS, NIGERIA"
SIGNAL ALLIANCE TECHNOLOGY HOLDING,SIGNAL ALLIANCE TECHNOLOGY HOLDING,+23414619418,https://www.sathng.com,"MARINA 57, LAGOS, NIGERIA"
SKYMAX INTGERATED NETWORK LTD,SKYMAX INTGERATED NETWORK LTD,+2348101834726,https://www.skymaxnig.net,"3/1 2ND FLOOR SALIMA HOUSE, JIMETA YOLA, YOLA, NIGERIA"
Soft Intelligent Machines Limited,SOFT INTELLIGENT MACHINES LTD,+2348167494512,https://www.softintelligentmachines.com,"3 Gbajobi Street Beside Water Crest Hotel, Balogun B/Stop, Obafemi Awolowo Way., YABA, Ikeja, NIGERIA"
SOUTHGATE TECHNOLOGIES LIMITED,SOUTHGATE TECHNOLOGIES LIMITED,+23416290187,https://www.southgtech.com,"REMI FANI-KAYODE AVENUE 17, LAGOS, NIGERIA"
Steelcon Technologies Limited,Steelcon Technologies Limited,+2348093162800,,"75B BABINGTON ASHAYE STREET, OMOLE PHASE 1, IKEJA, NIGERIA"
STERLING TECHNOLOGY NIGERIA LTD,STERLING TECHNOLOGY NIGERIA LTD,+2347058011780,https://www.stnl.co,"27 A ALHAJI KOLA OSENI STREET, OFF TOWN PLANNING WAY, LAGOS, NIGERIA"
Sunnet Systems and Datacom Services Ltd.,Sunnet Systems and Datacom Services Ltd.,+2348101318958,,"14, Balarabe Musa Crescent, Off Samuel Manuwa Street, Lagos, NIGERIA"
SYSBAY LIMITED,SYSBAY LIMITED,+2348060348971,https://www.sysbayng.com,"1619 DANMOLE STREET, OFF IDEJO STREET, VICTORIA ISLAND, LAGOS, NIGERIA"
TABCOD ADVANCED INTERNATIONAL SERVICES LTD,TABCOD ADVANCED INTERNATIONAL SERVICES LTD,+2348105855966,https://tabcod.com,"46B GLOVER ROAD, IKOYI, LAGOS, NIGERIA"
TASCO TECHNOLOGIES LTD,TASCO TECHNOLOGIES LTD,+2348038270729,https://www.tasco-ng.com,"213B MURI OKUNOLA STREET , VICTORIA ISLAND, LAGOS, NIGERIA"
TASK SYSTEMS LIMITED,TASK SYSTEMS LIMITED,+2348129851242,https://www.tasksystems.com,"5 REDEMPTION CRESCENT GBAGADA, LAGOS, NIGERIA"
TAVIA TECHNOLOGIES LTD,TAVIA TECHNOLOGIES LTD,+2348160000924,https://www.taviatech.com.ng,"WING B, 2ND FLOOR, MOTORWAYS CENTRE, IKEJA, NIGERIA"
TBO Integrated Services Limited,TBO Integrated Services Limited,+2348033938674,https://tboisl.com,"PROPERTY GATE CENTER, 2 ROCK DRIVE, CBD, LEKKI PHASE 1, LAGOS, NIGERIA"
TDS Hitech Solutions Limited,TDS HITECH SOLUTIONS LTD,+2348150375726,https://www.tdstechng.com,"19A, COMMUNITY ROAD, OFF ALLEN AVENUE,, OGUNDANA, IKEJA, NIGERIA"
TECH DATA,TECH DATA CONSULTING LTD,+2348037911203,https://techdata-consulting.com.ng/,"PLOT 13 BLOCK 81 AMUWO ODOFIN INDUSTRIAL LAYOUT OKOTA ROAD LAGOS NIGERIA, ISOLO, NIGERIA"
Tech Mahindra Ltd,TECH MAHINDRA LTD,000,https://www.techmahindra.com/,"3RD TO 6TH FLOOR, OPIC TOWERS, OKE ILEWO, ABEOKUTA, OGUN STATE, NIGERIA"
TECHNOLOGY ADVANTAGE NETWORK LTD,TECHNOLOGY ADVANTAGE NETWORK LTD,+2348127186505,https://www.technologyadvantage.ng,"27 OYEWOLE STREET, LAGOS, NIGERIA"
TECHTRON SYSTEMS LTD,TECHTRON SYSTEMS LTD,+2348124120374,https://techtronsystems.org,"8,DONATUS ODUM STREET,IKATE, ELEGUSHI, LEKKI, NIGERIA"
TECHWARE PROFESSIONAL SERVICES LTD,TECHWARE PROFESSIONAL SERVICES LTD,+2349052203335,https://www.techware.ng,"Ahmadu Bello Way, 10th Floor, Standard Chartered Bank Bldg. Plot 142, Victoria Island, NIGERIA"
Tenece Professional Services,TENECE PROFESSIONAL SERVICES,+2342809897,https://www.tenece.com,"161A SINARI DARANILO STREET, OFF LIGALI AYORINDE STREET, VICTORIA ISLAND, NIGERIA"
The Source Computers Limited,THE SOURCE COMPUTERS LTD,234128034701,https://www.tsc.com.ng,"Block 1, Plot 8, Rock Drive, Off C&I Leasing  CBD Lekki Phase1, Lagos, Lagos, NIGERIA"
TIER5 TECHNOLOGIES,TIER5 TECHNOLOGIES,+2347011327062,https://tier5technologies.com/,"7TH FLOOR MILLINER TOWER ALFRED REWANE STREET IKOYI, IKOYI, NIGERIA"
TigerLogic Solutions Ltd,TIGERLOGIC SOLUTIONS LTD,+2349020167913,,"No 24B Amodu Tijani Close,., Off Sanusi Fafunwa Street, Victoria Island, Lagos, VICTORIA ISLAND, NIGERIA"
TRETEN NETWORKS LTD,www.tretennetworks.com,+2349060006312,https://WWW.TRETENNETWORKS.COM,"OAK PLACE, 14 NIKE ART GALLERY ROAD, IKATE, LEKKI, LAGOS, LAGOS, NIGERIA"
URAELAT SMART SOLUTION LTD,URAELAT SMART SOLUTION LTD,09167792445,https://ussolutionltd.com/,"18 PETER CHIGBUE CLOSE, LAGOS, NIGERIA"
Uridium Technologies Limited,Uridium Technologies,105103,https://www.uridiumtechnologies.com,"8, OFFICE APARTMENT, RASHEED ALABA WILLIAMS STREET, LEKKI PHASE 1, LAGOS, NIGERIA"
VENBETA ENTERPRISE LTD,VENBETA ENTERPRISE LTD,+2349036332408,http://www.venbeta.com/,"8 MEDICAL ROAD IKEJA, LAGOS, NIGERIA"
VIACOVE LTD,VIACOVE LTD,+2347063891652,https://www.viacove.com,"53 KUMASI CRESCENT, SUITE 5, WUSE II, ABUJA, NIGERIA"
VZB OPCO NIGERIA LTD,VZB OPCO NIGERIA LTD,23412147551555,https://www.verizon.com,"AWOLOWO ROAD 98, SOUTH WEST IKOYI, NIGERIA"
WAJE TECHNOLOGIES LIMITED,WAJE TECHNOLOGIES LTD,+2348037071834,https://WWW.WAJETECH.COM,"16A, GEORGE OMONUBI STREET, ZONE 10, LEKKI PHASE 1,, LEKKI PHASE 1, NIGERIA"
WECO SYSTEMS INTERNATIONAL LTD,WECO SYSTEMS GROUP,234127140458,https://www.wecosysgroup.com,"Block 129, Plot 1A, Akinyemi Avenue, Off Oriwu Road by ELF/UPDC Estate junction,, Marwa Area, Lekki Scheme One,, Lagos, NIGERIA"
Wedgewood Services,WEDGEWOOD SERVICES,+2347038864646,https://www.wedgewoodservice.com,"PLOT 2 BLOCK 22 BABATUNDE, ANJOUS STREET OFF ADMIRALTY WAY, LAGOS, NIGERIA"
WISCOM ENGINEERING AND CONTROL SYSTEM,WISCOM ENGINEERING AND CONTROL SYSTEM LTD,+2348111134524,https://www.wiscomng.com,"11 OLASONDE ST, MUSHIN,, LAGOS, NIGERIA"
XVI SYSTEMS LTD,XVI SYSTEMS LTD,+2348165268605,https://www.xvisys.com,"3 RUMUOWOKEH ROAD, PORT HARCOURT, RIVERS STATE, PORT HARCOURT, NIGERIA"
Zeta-Web Business Solutions,ZETA WEB NIGERIA LTD,+2348034004022,https://www.zeta-web.com,"PHASE 1, PROVIDENCE STREET 32, LEKKI, NIGERIA"
